Date	SET close	SCC (adj. close)
2005-01-04	684.48 	195.08 
2005-01-05	683.50 	201.17 
2005-01-06	693.62 	201.17 
2005-01-07	697.84 	199.65 
2005-01-10	696.03 	196.60 
2005-01-11	691.97 	196.60 
2005-01-12	694.63 	198.13 
2005-01-13	693.43 	196.60 
2005-01-14	701.66 	199.65 
2005-01-17	708.30 	201.17 
2005-01-18	709.55 	201.17 
2005-01-19	709.03 	199.65 
2005-01-20	706.90 	198.13 
2005-01-21	696.85 	196.60 
2005-01-24	695.92 	196.60 
2005-01-25	702.14 	196.60 
2005-01-26	702.66 	198.13 
2005-01-27	701.25 	193.55 
2005-01-28	701.66 	193.55 
2005-01-31	701.91 	193.55 
2005-02-01	708.73 	195.08 
2005-02-02	710.33 	195.08 
2005-02-03	716.92 	196.60 
2005-02-04	719.10 	196.60 
2005-02-07	725.76 	201.17 
2005-02-08	731.42 	202.70 
2005-02-09	735.63 	201.17 
2005-02-10	736.22 	202.70 
2005-02-11	726.20 	199.65 
2005-02-14	728.80 	199.65 
2005-02-15	736.91 	202.70 
2005-02-16	739.37 	202.70 
2005-02-17	734.68 	201.17 
2005-02-18	737.50 	202.70 
2005-02-21	725.89 	199.65 
2005-02-22	730.56 	202.70 
2005-02-24	736.89 	202.70 
2005-02-25	740.04 	204.22 
2005-02-28	741.55 	205.75 
2005-03-01	738.75 	202.70 
2005-03-02	720.92 	198.13 
2005-03-03	720.39 	198.13 
2005-03-04	728.42 	199.65 
2005-03-07	737.42 	202.70 
2005-03-08	722.60 	198.13 
2005-03-09	722.58 	199.65 
2005-03-10	719.53 	199.65 
2005-03-11	710.98 	198.13 
2005-03-14	700.22 	192.03 
2005-03-15	696.84 	192.03 
2005-03-16	706.64 	195.08 
2005-03-17	706.53 	196.60 
2005-03-18	711.40 	195.08 
2005-03-21	705.03 	195.08 
2005-03-22	699.53 	192.03 
2005-03-23	693.26 	192.03 
2005-03-24	685.06 	188.98 
2005-03-25	687.32 	192.03 
2005-03-28	682.98 	190.51 
2005-03-29	676.91 	187.46 
2005-03-30	672.82 	185.93 
2005-03-31	681.49 	190.51 
2005-04-01	695.83 	187.46 
2005-04-04	682.52 	184.41 
2005-04-05	681.66 	184.41 
2005-04-07	677.97 	184.41 
2005-04-08	683.76 	182.89 
2005-04-11	694.34 	187.46 
2005-04-12	698.28 	187.46 
2005-04-18	676.90 	184.41 
2005-04-19	678.37 	184.41 
2005-04-20	684.19 	184.41 
2005-04-21	680.60 	182.89 
2005-04-22	677.25 	182.89 
2005-04-25	664.47 	179.84 
2005-04-26	662.13 	175.27 
2005-04-27	664.63 	178.31 
2005-04-28	659.24 	173.74 
2005-04-29	658.88 	172.22 
2005-05-03	669.72 	176.79 
2005-05-04	675.03 	179.84 
2005-05-06	689.36 	182.89 
2005-05-09	688.21 	179.84 
2005-05-10	681.83 	179.84 
2005-05-11	684.65 	179.84 
2005-05-12	682.12 	178.31 
2005-05-13	679.11 	175.27 
2005-05-16	670.76 	173.74 
2005-05-17	664.61 	173.74 
2005-05-18	672.19 	176.79 
2005-05-19	676.54 	179.84 
2005-05-20	670.65 	178.31 
2005-05-24	663.66 	178.31 
2005-05-25	660.18 	176.79 
2005-05-26	662.64 	175.27 
2005-05-27	663.48 	175.27 
2005-05-30	668.20 	176.79 
2005-05-31	667.55 	176.79 
2005-06-01	667.52 	176.79 
2005-06-02	672.81 	176.79 
2005-06-03	676.70 	176.79 
2005-06-06	682.30 	179.84 
2005-06-07	682.15 	178.31 
2005-06-08	684.07 	181.36 
2005-06-09	677.20 	178.31 
2005-06-10	679.98 	176.79 
2005-06-13	675.09 	175.27 
2005-06-14	683.68 	179.84 
2005-06-15	687.47 	181.36 
2005-06-16	687.16 	178.31 
2005-06-17	686.52 	181.36 
2005-06-20	679.68 	178.31 
2005-06-21	689.64 	178.31 
2005-06-22	686.57 	173.74 
2005-06-23	693.13 	175.27 
2005-06-24	690.25 	175.27 
2005-06-27	684.18 	175.27 
2005-06-28	684.68 	175.27 
2005-06-29	685.56 	173.74 
2005-06-30	675.50 	173.74 
2005-07-04	669.78 	173.74 
2005-07-05	663.52 	172.22 
2005-07-06	659.91 	170.69 
2005-07-07	638.31 	164.60 
2005-07-08	643.31 	167.65 
2005-07-11	640.82 	166.12 
2005-07-12	648.98 	167.65 
2005-07-13	658.37 	172.22 
2005-07-14	661.45 	170.69 
2005-07-15	655.46 	167.65 
2005-07-18	652.67 	167.65 
2005-07-19	648.67 	164.60 
2005-07-20	650.04 	166.12 
2005-07-21	648.92 	167.65 
2005-07-25	659.64 	169.17 
2005-07-26	656.91 	170.69 
2005-07-27	665.72 	175.27 
2005-07-28	670.09 	173.74 
2005-07-29	675.67 	176.79 
2005-08-01	674.99 	175.27 
2005-08-02	683.16 	178.31 
2005-08-03	687.94 	178.31 
2005-08-04	684.57 	178.31 
2005-08-05	686.01 	179.84 
2005-08-08	686.32 	173.74 
2005-08-09	681.54 	170.69 
2005-08-10	684.59 	170.69 
2005-08-11	681.95 	169.17 
2005-08-15	675.52 	167.65 
2005-08-16	667.18 	167.65 
2005-08-17	667.49 	164.60 
2005-08-18	672.02 	167.65 
2005-08-19	680.83 	170.69 
2005-08-22	690.77 	172.22 
2005-08-23	690.39 	173.74 
2005-08-24	695.67 	172.22 
2005-08-25	692.14 	172.22 
2005-08-26	695.89 	173.74 
2005-08-29	691.33 	170.69 
2005-08-30	692.86 	172.22 
2005-08-31	697.85 	173.74 
2005-09-01	710.28 	176.79 
2005-09-02	709.97 	175.27 
2005-09-05	707.94 	176.79 
2005-09-06	705.46 	178.31 
2005-09-07	708.50 	176.79 
2005-09-08	715.08 	178.31 
2005-09-09	712.78 	178.31 
2005-09-12	712.80 	176.79 
2005-09-13	710.31 	173.74 
2005-09-14	717.77 	173.74 
2005-09-15	711.20 	172.22 
2005-09-16	708.26 	172.22 
2005-09-19	708.98 	172.22 
2005-09-20	723.16 	173.74 
2005-09-21	721.16 	175.27 
2005-09-22	725.64 	175.27 
2005-09-23	725.31 	175.27 
2005-09-26	721.28 	176.79 
2005-09-27	724.24 	179.84 
2005-09-28	723.20 	176.79 
2005-09-29	722.83 	176.79 
2005-09-30	723.23 	178.31 
2005-10-03	717.42 	173.74 
2005-10-04	714.90 	175.27 
2005-10-05	717.17 	175.27 
2005-10-06	710.79 	175.27 
2005-10-07	708.98 	175.27 
2005-10-10	707.05 	176.79 
2005-10-11	709.13 	176.79 
2005-10-12	709.20 	176.79 
2005-10-13	704.32 	175.27 
2005-10-14	700.02 	175.27 
2005-10-17	696.28 	172.22 
2005-10-18	695.18 	172.22 
2005-10-19	684.07 	167.65 
2005-10-20	681.92 	167.65 
2005-10-21	686.21 	167.65 
2005-10-25	676.84 	164.60 
2005-10-26	685.04 	167.65 
2005-10-27	685.29 	166.12 
2005-10-28	682.25 	167.65 
2005-10-31	682.62 	166.12 
2005-11-01	693.27 	170.69 
2005-11-02	699.88 	175.27 
2005-11-03	704.79 	178.31 
2005-11-04	706.23 	178.31 
2005-11-07	700.75 	175.27 
2005-11-08	695.60 	175.27 
2005-11-09	696.85 	175.27 
2005-11-10	694.44 	175.27 
2005-11-11	690.45 	175.27 
2005-11-14	683.41 	175.27 
2005-11-15	681.58 	170.69 
2005-11-16	675.31 	170.69 
2005-11-17	672.63 	173.74 
2005-11-18	676.41 	173.74 
2005-11-21	672.06 	173.74 
2005-11-22	674.25 	176.79 
2005-11-23	669.18 	176.79 
2005-11-24	669.76 	176.79 
2005-11-25	669.89 	175.27 
2005-11-28	666.69 	173.74 
2005-11-29	669.90 	176.79 
2005-11-30	667.75 	176.79 
2005-12-01	660.95 	175.27 
2005-12-02	659.91 	170.69 
2005-12-06	679.16 	173.74 
2005-12-07	694.87 	178.31 
2005-12-08	692.58 	178.31 
2005-12-09	697.74 	178.31 
2005-12-13	693.48 	179.84 
2005-12-14	694.72 	181.36 
2005-12-15	690.49 	181.36 
2005-12-16	691.17 	181.36 
2005-12-19	691.28 	182.89 
2005-12-20	698.68 	184.41 
2005-12-21	698.43 	185.93 
2005-12-22	696.41 	184.41 
2005-12-23	698.95 	185.93 
2005-12-26	701.37 	187.46 
2005-12-27	706.47 	188.98 
2005-12-28	705.29 	188.98 
2005-12-29	710.22 	187.46 
2005-12-30	713.73 	185.93 
2006-01-03	725.64 	188.98 
2006-01-04	743.20 	192.03 
2006-01-05	741.28 	185.93 
2006-01-06	747.34 	187.46 
2006-01-09	762.26 	193.55 
2006-01-10	759.32 	190.51 
2006-01-11	764.01 	193.55 
2006-01-12	753.04 	190.51 
2006-01-13	755.72 	190.51 
2006-01-16	752.00 	187.46 
2006-01-17	750.73 	188.98 
2006-01-18	736.40 	184.41 
2006-01-19	744.98 	185.93 
2006-01-20	747.70 	190.51 
2006-01-23	750.28 	187.46 
2006-01-24	745.95 	185.93 
2006-01-25	762.70 	184.41 
2006-01-26	761.14 	185.93 
2006-01-27	761.27 	185.93 
2006-01-30	756.15 	184.41 
2006-01-31	762.63 	187.46 
2006-02-01	760.36 	188.98 
2006-02-02	744.54 	185.93 
2006-02-03	747.09 	185.93 
2006-02-06	744.12 	184.41 
2006-02-07	743.37 	184.41 
2006-02-08	734.63 	181.36 
2006-02-09	733.14 	184.41 
2006-02-10	738.07 	185.93 
2006-02-14	727.91 	182.89 
2006-02-15	725.73 	182.89 
2006-02-16	735.16 	184.41 
2006-02-17	739.35 	182.89 
2006-02-20	734.65 	182.89 
2006-02-21	727.76 	181.36 
2006-02-22	728.60 	181.36 
2006-02-23	732.68 	181.36 
2006-02-24	741.80 	184.41 
2006-02-27	753.10 	185.93 
2006-02-28	744.05 	184.41 
2006-03-01	748.28 	182.89 
2006-03-02	752.52 	187.46 
2006-03-03	753.39 	185.93 
2006-03-06	750.81 	184.41 
2006-03-07	738.36 	181.36 
2006-03-08	723.86 	178.31 
2006-03-09	728.99 	179.84 
2006-03-10	728.18 	179.84 
2006-03-13	732.88 	181.36 
2006-03-14	738.63 	184.41 
2006-03-15	741.21 	185.93 
2006-03-16	739.96 	184.41 
2006-03-17	741.43 	188.98 
2006-03-20	734.51 	185.93 
2006-03-21	732.48 	184.41 
2006-03-22	724.41 	181.36 
2006-03-23	729.72 	182.89 
2006-03-24	730.85 	182.89 
2006-03-27	733.33 	185.93 
2006-03-28	729.24 	185.93 
2006-03-29	724.87 	184.41 
2006-03-30	730.99 	187.46 
2006-03-31	733.25 	179.84 
2006-04-03	738.67 	181.36 
2006-04-04	745.33 	182.89 
2006-04-05	768.15 	187.46 
2006-04-07	770.33 	185.93 
2006-04-10	757.51 	182.89 
2006-04-11	757.40 	181.36 
2006-04-12	755.43 	181.36 
2006-04-17	759.42 	181.36 
2006-04-18	764.17 	184.41 
2006-04-20	774.57 	187.46 
2006-04-21	773.06 	184.41 
2006-04-24	771.54 	182.89 
2006-04-25	763.88 	181.36 
2006-04-26	770.40 	182.89 
2006-04-27	770.01 	184.41 
2006-04-28	768.29 	181.36 
2006-05-02	768.26 	179.84 
2006-05-03	774.44 	181.36 
2006-05-04	768.22 	178.31 
2006-05-08	782.91 	179.84 
2006-05-09	785.38 	178.31 
2006-05-10	784.28 	178.31 
2006-05-11	782.50 	178.31 
2006-05-15	765.97 	172.22 
2006-05-16	761.87 	172.22 
2006-05-17	762.36 	172.22 
2006-05-18	748.30 	172.22 
2006-05-19	746.33 	170.69 
2006-05-22	724.44 	167.65 
2006-05-23	727.21 	170.69 
2006-05-24	714.10 	166.12 
2006-05-25	701.03 	164.60 
2006-05-26	717.50 	170.69 
2006-05-29	721.58 	169.17 
2006-05-30	713.96 	167.65 
2006-05-31	709.43 	169.17 
2006-06-01	710.30 	167.65 
2006-06-02	722.61 	167.65 
2006-06-05	713.22 	167.65 
2006-06-06	702.04 	164.60 
2006-06-07	688.22 	163.07 
2006-06-08	675.63 	156.98 
2006-06-09	670.41 	156.98 
2006-06-14	646.69 	148.59 
2006-06-15	648.32 	150.88 
2006-06-16	665.39 	156.98 
2006-06-19	659.68 	156.98 
2006-06-20	646.78 	152.41 
2006-06-21	649.74 	152.41 
2006-06-22	659.32 	158.50 
2006-06-23	659.52 	158.50 
2006-06-26	659.27 	156.98 
2006-06-27	659.69 	158.50 
2006-06-28	666.80 	158.50 
2006-06-29	670.71 	158.50 
2006-06-30	678.13 	163.07 
2006-07-03	683.98 	164.60 
2006-07-04	694.52 	167.65 
2006-07-05	680.72 	163.07 
2006-07-06	688.96 	163.07 
2006-07-07	686.11 	161.55 
2006-07-10	684.55 	160.03 
2006-07-12	686.02 	160.03 
2006-07-13	672.34 	155.45 
2006-07-14	661.59 	153.93 
2006-07-17	653.02 	152.41 
2006-07-18	659.58 	155.45 
2006-07-19	660.11 	156.98 
2006-07-20	668.96 	160.03 
2006-07-21	685.71 	161.55 
2006-07-24	683.76 	161.55 
2006-07-25	688.35 	163.07 
2006-07-26	690.92 	164.60 
2006-07-27	695.83 	166.12 
2006-07-28	691.43 	163.07 
2006-07-31	691.49 	161.55 
2006-08-01	686.97 	163.07 
2006-08-02	694.09 	164.60 
2006-08-03	703.10 	167.65 
2006-08-04	703.28 	167.65 
2006-08-07	705.35 	163.07 
2006-08-08	711.80 	164.60 
2006-08-09	708.93 	163.07 
2006-08-10	698.12 	160.03 
2006-08-11	708.42 	161.55 
2006-08-15	707.68 	161.55 
2006-08-16	712.07 	161.55 
2006-08-17	709.01 	163.07 
2006-08-18	708.49 	163.07 
2006-08-21	705.93 	161.55 
2006-08-22	706.30 	163.07 
2006-08-23	698.01 	161.55 
2006-08-24	692.17 	163.07 
2006-08-25	689.13 	161.55 
2006-08-28	682.07 	161.55 
2006-08-29	686.24 	163.07 
2006-08-30	684.51 	163.07 
2006-08-31	690.90 	166.12 
2006-09-01	696.44 	166.12 
2006-09-04	703.53 	169.17 
2006-09-05	701.10 	172.22 
2006-09-06	701.96 	173.74 
2006-09-07	692.56 	172.22 
2006-09-08	692.46 	173.74 
2006-09-11	686.03 	175.27 
2006-09-12	687.76 	176.79 
2006-09-13	698.19 	181.36 
2006-09-14	701.97 	181.36 
2006-09-15	700.61 	182.89 
2006-09-18	705.89 	185.93 
2006-09-19	702.56 	184.41 
2006-09-21	692.57 	185.93 
2006-09-22	681.71 	182.89 
2006-09-25	686.74 	184.41 
2006-09-26	688.63 	184.41 
2006-09-27	693.03 	185.93 
2006-09-28	687.90 	181.36 
2006-09-29	686.10 	181.36 
2006-10-02	683.84 	176.79 
2006-10-03	681.84 	176.79 
2006-10-04	687.96 	179.84 
2006-10-05	695.72 	185.93 
2006-10-06	694.60 	184.41 
2006-10-09	692.26 	184.41 
2006-10-10	699.16 	185.93 
2006-10-11	697.82 	187.46 
2006-10-12	709.67 	190.51 
2006-10-13	712.05 	190.51 
2006-10-16	717.11 	190.51 
2006-10-17	710.74 	185.93 
2006-10-18	718.74 	187.46 
2006-10-19	720.87 	185.93 
2006-10-20	724.98 	185.93 
2006-10-24	728.53 	190.51 
2006-10-25	732.80 	187.46 
2006-10-26	728.49 	185.93 
2006-10-27	725.77 	184.41 
2006-10-30	718.74 	184.41 
2006-10-31	722.46 	184.41 
2006-11-01	730.87 	185.93 
2006-11-02	729.03 	185.93 
2006-11-03	732.30 	185.93 
2006-11-06	734.90 	187.46 
2006-11-07	738.90 	187.46 
2006-11-08	738.93 	188.98 
2006-11-09	743.85 	193.55 
2006-11-10	740.42 	192.03 
2006-11-13	736.83 	190.51 
2006-11-14	733.87 	188.98 
2006-11-15	734.05 	192.03 
2006-11-16	733.14 	190.51 
2006-11-17	733.92 	193.55 
2006-11-20	726.37 	190.51 
2006-11-21	724.64 	190.51 
2006-11-22	729.43 	192.03 
2006-11-23	728.92 	193.55 
2006-11-24	723.87 	190.51 
2006-11-27	734.66 	192.03 
2006-11-28	727.33 	188.98 
2006-11-29	735.76 	192.03 
2006-11-30	739.06 	188.98 
2006-12-01	741.38 	188.98 
2006-12-04	742.45 	190.51 
2006-12-06	746.16 	190.51 
2006-12-07	745.54 	188.98 
2006-12-08	740.94 	190.51 
2006-12-12	738.25 	190.51 
2006-12-13	734.98 	193.55 
2006-12-14	732.40 	192.03 
2006-12-15	736.29 	195.08 
2006-12-18	730.55 	195.08 
2006-12-19	622.14 	170.69 
2006-12-20	691.55 	184.41 
2006-12-21	676.10 	181.36 
2006-12-22	680.31 	184.41 
2006-12-25	684.32 	185.93 
2006-12-26	688.72 	188.98 
2006-12-27	687.88 	188.98 
2006-12-28	680.36 	184.41 
2006-12-29	679.84 	184.41 
2007-01-03	659.25 	178.31 
2007-01-04	648.22 	175.27 
2007-01-05	628.19 	170.69 
2007-01-08	633.82 	175.27 
2007-01-09	616.75 	170.69 
2007-01-10	622.27 	170.69 
2007-01-11	637.63 	172.22 
2007-01-12	645.71 	175.27 
2007-01-15	656.31 	176.79 
2007-01-16	655.90 	178.31 
2007-01-17	651.47 	178.31 
2007-01-18	654.89 	178.31 
2007-01-19	658.17 	178.31 
2007-01-22	655.12 	178.31 
2007-01-23	650.76 	178.31 
2007-01-24	657.16 	176.79 
2007-01-25	660.71 	176.79 
2007-01-26	657.65 	178.31 
2007-01-29	653.92 	176.79 
2007-01-30	653.49 	176.79 
2007-01-31	654.04 	176.79 
2007-02-01	657.00 	175.27 
2007-02-02	670.60 	176.79 
2007-02-05	674.42 	176.79 
2007-02-06	673.63 	176.79 
2007-02-07	675.33 	176.79 
2007-02-08	691.28 	181.36 
2007-02-09	695.27 	182.89 
2007-02-12	697.46 	181.36 
2007-02-13	692.48 	179.84 
2007-02-14	697.84 	178.31 
2007-02-15	693.86 	178.31 
2007-02-16	688.01 	178.31 
2007-02-19	685.38 	178.31 
2007-02-20	690.67 	181.36 
2007-02-21	692.38 	179.84 
2007-02-22	693.61 	181.36 
2007-02-23	690.76 	179.84 
2007-02-26	688.70 	179.84 
2007-02-27	683.95 	176.79 
2007-02-28	677.13 	176.79 
2007-03-01	680.60 	175.27 
2007-03-02	679.02 	176.79 
2007-03-06	674.24 	178.31 
2007-03-07	670.37 	176.79 
2007-03-08	671.98 	176.79 
2007-03-09	671.17 	175.27 
2007-03-12	672.36 	176.79 
2007-03-13	675.20 	178.31 
2007-03-14	670.62 	176.79 
2007-03-15	674.31 	176.79 
2007-03-16	671.05 	173.74 
2007-03-19	669.14 	175.27 
2007-03-20	671.76 	178.31 
2007-03-21	669.56 	178.31 
2007-03-22	674.84 	178.31 
2007-03-23	677.79 	179.84 
2007-03-26	679.04 	179.84 
2007-03-27	678.57 	181.36 
2007-03-28	669.04 	178.31 
2007-03-29	671.62 	179.84 
2007-03-30	673.71 	179.84 
2007-04-02	679.62 	182.89 
2007-04-03	686.53 	184.41 
2007-04-04	693.54 	187.46 
2007-04-05	692.47 	188.98 
2007-04-09	688.55 	182.89 
2007-04-10	689.48 	179.84 
2007-04-11	695.10 	181.36 
2007-04-12	692.46 	181.36 
2007-04-17	695.03 	182.89 
2007-04-18	692.27 	181.36 
2007-04-19	687.23 	179.84 
2007-04-20	687.53 	178.31 
2007-04-23	686.18 	176.79 
2007-04-24	685.48 	176.79 
2007-04-25	690.30 	179.84 
2007-04-26	690.79 	178.31 
2007-04-27	695.11 	178.31 
2007-04-30	699.16 	176.79 
2007-05-02	705.47 	179.84 
2007-05-03	709.91 	179.84 
2007-05-04	716.44 	179.84 
2007-05-08	712.87 	179.84 
2007-05-09	706.29 	176.79 
2007-05-10	707.19 	176.79 
2007-05-11	706.90 	176.79 
2007-05-14	712.18 	176.79 
2007-05-15	713.27 	176.79 
2007-05-16	721.66 	178.31 
2007-05-17	724.37 	178.31 
2007-05-18	728.76 	179.84 
2007-05-21	728.22 	178.31 
2007-05-22	732.77 	179.84 
2007-05-23	731.22 	178.31 
2007-05-24	720.72 	178.31 
2007-05-25	719.14 	179.84 
2007-05-28	727.93 	179.84 
2007-05-29	727.79 	179.84 
2007-05-30	737.40 	181.36 
2007-06-01	753.93 	184.41 
2007-06-04	770.61 	195.08 
2007-06-05	760.59 	192.03 
2007-06-06	759.42 	188.98 
2007-06-07	758.83 	188.98 
2007-06-08	752.00 	187.46 
2007-06-11	754.15 	190.51 
2007-06-12	743.42 	188.98 
2007-06-13	726.60 	185.93 
2007-06-14	734.93 	188.98 
2007-06-15	744.25 	190.51 
2007-06-18	766.20 	195.08 
2007-06-19	763.78 	192.03 
2007-06-20	777.10 	196.60 
2007-06-21	776.20 	195.08 
2007-06-22	772.05 	195.08 
2007-06-25	764.12 	192.03 
2007-06-26	766.97 	192.03 
2007-06-27	771.00 	193.55 
2007-06-28	777.68 	198.13 
2007-06-29	776.79 	198.13 
2007-07-02	792.71 	201.17 
2007-07-03	813.52 	205.75 
2007-07-04	825.45 	205.75 
2007-07-05	823.93 	210.32 
2007-07-06	832.38 	211.84 
2007-07-09	844.19 	214.89 
2007-07-10	858.45 	216.41 
2007-07-11	846.28 	211.84 
2007-07-12	843.87 	213.37 
2007-07-13	859.14 	216.41 
2007-07-16	857.08 	214.89 
2007-07-17	856.91 	210.32 
2007-07-18	849.56 	207.27 
2007-07-19	847.26 	208.79 
2007-07-20	850.54 	210.32 
2007-07-23	862.62 	213.37 
2007-07-24	880.95 	211.84 
2007-07-25	883.65 	214.89 
2007-07-26	884.16 	214.89 
2007-07-27	863.58 	210.32 
2007-07-31	859.76 	207.27 
2007-08-01	833.47 	207.27 
2007-08-02	830.29 	207.27 
2007-08-03	837.73 	201.17 
2007-08-06	815.87 	193.55 
2007-08-07	814.40 	195.08 
2007-08-08	831.64 	199.65 
2007-08-09	811.83 	193.55 
2007-08-10	804.84 	190.51 
2007-08-14	793.82 	188.98 
2007-08-15	773.92 	184.41 
2007-08-16	750.69 	178.31 
2007-08-17	758.42 	182.89 
2007-08-20	792.02 	188.98 
2007-08-21	764.40 	181.36 
2007-08-22	784.43 	184.41 
2007-08-23	791.50 	187.46 
2007-08-24	790.72 	185.93 
2007-08-27	791.17 	182.89 
2007-08-28	788.21 	182.89 
2007-08-29	792.04 	185.93 
2007-08-30	791.58 	185.93 
2007-08-31	813.21 	190.51 
2007-09-03	820.19 	192.03 
2007-09-04	810.86 	192.03 
2007-09-05	814.50 	188.98 
2007-09-06	809.82 	185.93 
2007-09-07	801.46 	187.46 
2007-09-10	796.85 	185.93 
2007-09-11	801.54 	187.46 
2007-09-12	802.00 	187.46 
2007-09-13	807.10 	187.46 
2007-09-14	811.95 	187.46 
2007-09-17	802.65 	187.46 
2007-09-18	802.54 	185.93 
2007-09-19	811.79 	185.93 
2007-09-20	815.43 	187.46 
2007-09-21	831.51 	190.51 
2007-09-24	836.51 	192.03 
2007-09-25	835.18 	192.03 
2007-09-26	844.40 	192.03 
2007-09-27	843.05 	192.03 
2007-09-28	845.50 	193.55 
2007-10-01	852.47 	202.70 
2007-10-02	853.43 	207.27 
2007-10-03	850.58 	205.75 
2007-10-04	848.95 	205.75 
2007-10-05	852.33 	205.75 
2007-10-08	863.16 	207.27 
2007-10-09	867.59 	205.75 
2007-10-10	875.10 	205.75 
2007-10-11	889.06 	207.27 
2007-10-12	887.02 	207.27 
2007-10-15	897.10 	210.32 
2007-10-16	894.53 	205.75 
2007-10-17	884.53 	204.22 
2007-10-18	876.75 	199.65 
2007-10-19	875.83 	198.13 
2007-10-22	860.09 	193.55 
2007-10-24	866.03 	193.55 
2007-10-25	893.45 	196.60 
2007-10-26	894.57 	193.55 
2007-10-29	915.03 	193.55 
2007-10-30	906.66 	192.03 
2007-10-31	907.28 	198.13 
2007-11-01	902.73 	193.55 
2007-11-02	894.34 	192.03 
2007-11-05	872.86 	190.51 
2007-11-06	886.31 	190.51 
2007-11-07	880.27 	188.98 
2007-11-08	873.64 	187.46 
2007-11-09	874.64 	188.98 
2007-11-12	861.93 	187.46 
2007-11-13	857.66 	184.41 
2007-11-14	861.51 	184.41 
2007-11-15	855.52 	182.89 
2007-11-16	849.07 	181.36 
2007-11-19	831.14 	176.79 
2007-11-20	830.05 	172.22 
2007-11-21	807.58 	169.17 
2007-11-22	808.82 	170.69 
2007-11-23	824.25 	175.27 
2007-11-26	832.78 	175.27 
2007-11-27	822.99 	172.22 
2007-11-28	820.52 	170.69 
2007-11-29	844.80 	176.79 
2007-11-30	846.44 	175.27 
2007-12-03	831.12 	173.74 
2007-12-04	833.34 	173.74 
2007-12-06	845.19 	173.74 
2007-12-07	841.39 	173.74 
2007-12-11	840.45 	173.74 
2007-12-12	834.09 	167.65 
2007-12-13	833.09 	169.17 
2007-12-14	836.40 	170.69 
2007-12-17	817.62 	167.65 
2007-12-18	813.90 	169.17 
2007-12-19	804.98 	172.22 
2007-12-20	791.71 	172.22 
2007-12-21	813.60 	173.74 
2007-12-25	843.28 	175.27 
2007-12-26	841.20 	175.27 
2007-12-27	852.06 	178.31 
2007-12-28	858.10 	176.79 
2008-01-02	842.97 	173.74 
2008-01-03	832.63 	170.69 
2008-01-04	821.71 	170.69 
2008-01-07	808.31 	170.69 
2008-01-08	811.69 	172.22 
2008-01-09	820.47 	172.22 
2008-01-10	800.18 	169.17 
2008-01-11	796.47 	169.17 
2008-01-14	791.15 	169.17 
2008-01-15	779.79 	169.17 
2008-01-16	773.80 	169.17 
2008-01-17	791.25 	170.69 
2008-01-18	789.67 	169.17 
2008-01-21	766.53 	167.65 
2008-01-22	741.54 	164.60 
2008-01-23	740.65 	164.60 
2008-01-24	728.58 	155.45 
2008-01-25	759.72 	158.50 
2008-01-28	744.36 	153.93 
2008-01-29	754.87 	155.45 
2008-01-30	763.48 	155.45 
2008-01-31	784.23 	156.98 
2008-02-01	810.86 	161.55 
2008-02-04	811.56 	166.12 
2008-02-05	807.68 	163.07 
2008-02-06	794.63 	161.55 
2008-02-07	793.17 	163.07 
2008-02-08	806.44 	164.60 
2008-02-11	804.15 	161.55 
2008-02-12	817.49 	163.07 
2008-02-13	829.41 	163.07 
2008-02-14	832.11 	164.60 
2008-02-15	826.65 	164.60 
2008-02-18	824.99 	163.07 
2008-02-19	835.62 	164.60 
2008-02-20	827.13 	163.07 
2008-02-22	826.86 	164.60 
2008-02-25	838.74 	166.12 
2008-02-26	834.67 	164.60 
2008-02-27	832.04 	163.07 
2008-02-28	842.12 	164.60 
2008-02-29	845.76 	164.60 
2008-03-03	842.92 	164.60 
2008-03-04	831.41 	163.07 
2008-03-05	824.98 	161.55 
2008-03-06	827.71 	163.07 
2008-03-07	821.57 	161.55 
2008-03-10	806.65 	156.98 
2008-03-11	819.83 	160.03 
2008-03-12	827.00 	160.03 
2008-03-13	814.31 	158.50 
2008-03-14	818.04 	158.50 
2008-03-17	806.74 	155.45 
2008-03-18	812.32 	158.50 
2008-03-19	807.67 	160.03 
2008-03-20	798.11 	161.55 
2008-03-21	803.32 	163.07 
2008-03-24	807.28 	163.07 
2008-03-25	820.31 	164.60 
2008-03-26	817.57 	163.07 
2008-03-27	822.96 	163.07 
2008-03-28	825.17 	164.60 
2008-03-31	817.03 	163.07 
2008-04-01	823.36 	166.12 
2008-04-02	825.71 	166.12 
2008-04-03	826.68 	163.07 
2008-04-04	824.80 	160.03 
2008-04-08	826.85 	156.98 
2008-04-09	826.19 	158.50 
2008-04-10	820.98 	156.98 
2008-04-11	827.10 	155.45 
2008-04-16	833.38 	155.45 
2008-04-17	845.43 	158.50 
2008-04-18	845.40 	160.03 
2008-04-21	841.98 	160.03 
2008-04-22	850.02 	160.03 
2008-04-23	837.66 	156.98 
2008-04-24	834.31 	158.50 
2008-04-25	832.19 	158.50 
2008-04-28	836.42 	156.98 
2008-04-29	833.63 	156.98 
2008-04-30	832.45 	158.50 
2008-05-02	843.15 	161.55 
2008-05-06	845.83 	164.60 
2008-05-07	848.71 	163.07 
2008-05-08	850.17 	163.07 
2008-05-09	846.71 	161.55 
2008-05-12	842.22 	158.50 
2008-05-13	839.28 	158.50 
2008-05-14	848.94 	160.03 
2008-05-15	855.61 	158.50 
2008-05-16	870.33 	160.03 
2008-05-20	873.82 	158.50 
2008-05-21	884.19 	158.50 
2008-05-22	874.54 	156.98 
2008-05-23	875.59 	155.45 
2008-05-26	856.80 	155.45 
2008-05-27	855.60 	156.98 
2008-05-28	832.99 	155.45 
2008-05-29	830.61 	155.45 
2008-05-30	833.65 	153.93 
2008-06-02	810.22 	153.93 
2008-06-03	806.86 	153.93 
2008-06-04	808.92 	155.45 
2008-06-05	809.82 	158.50 
2008-06-06	817.33 	156.98 
2008-06-09	805.58 	153.93 
2008-06-10	791.94 	153.93 
2008-06-11	791.66 	153.93 
2008-06-12	790.80 	153.93 
2008-06-13	782.64 	152.41 
2008-06-16	787.59 	153.93 
2008-06-17	777.17 	153.93 
2008-06-18	765.74 	152.41 
2008-06-19	742.46 	147.83 
2008-06-20	768.90 	152.41 
2008-06-23	768.90 	150.12 
2008-06-24	763.75 	149.36 
2008-06-25	778.42 	149.36 
2008-06-26	774.39 	148.59 
2008-06-27	775.73 	148.59 
2008-06-30	768.59 	147.07 
2008-07-02	760.01 	147.07 
2008-07-03	742.15 	144.78 
2008-07-04	743.03 	144.02 
2008-07-07	730.56 	143.26 
2008-07-08	722.50 	143.26 
2008-07-09	721.13 	140.21 
2008-07-10	721.86 	135.64 
2008-07-11	730.29 	137.16 
2008-07-14	717.06 	136.40 
2008-07-15	693.41 	132.59 
2008-07-18	664.52 	132.59 
2008-07-21	687.30 	137.16 
2008-07-22	682.15 	133.35 
2008-07-23	694.14 	137.16 
2008-07-24	691.48 	133.35 
2008-07-25	685.47 	130.31 
2008-07-28	685.53 	128.78 
2008-07-29	676.73 	128.02 
2008-07-30	669.90 	128.78 
2008-07-31	676.32 	130.31 
2008-08-01	678.66 	130.31 
2008-08-04	674.67 	126.50 
2008-08-05	667.12 	128.02 
2008-08-06	676.35 	130.31 
2008-08-07	705.35 	133.35 
2008-08-08	690.70 	129.54 
2008-08-11	702.93 	130.31 
2008-08-13	701.60 	128.02 
2008-08-14	705.60 	128.02 
2008-08-15	707.48 	127.26 
2008-08-18	697.23 	126.50 
2008-08-19	691.33 	125.73 
2008-08-20	690.05 	124.97 
2008-08-21	676.53 	123.45 
2008-08-22	681.93 	122.69 
2008-08-25	678.20 	123.45 
2008-08-26	668.92 	121.92 
2008-08-27	675.99 	124.21 
2008-08-28	682.83 	124.97 
2008-08-29	684.44 	125.73 
2008-09-01	675.22 	122.69 
2008-09-02	659.51 	120.40 
2008-09-03	649.93 	120.40 
2008-09-04	654.85 	120.40 
2008-09-05	645.80 	117.35 
2008-09-08	665.66 	121.92 
2008-09-09	663.61 	118.11 
2008-09-10	655.54 	115.07 
2008-09-11	646.80 	114.30 
2008-09-12	654.34 	112.78 
2008-09-15	642.39 	110.49 
2008-09-16	624.56 	106.68 
2008-09-17	605.14 	102.87 
2008-09-18	600.38 	101.35 
2008-09-19	624.83 	103.64 
2008-09-22	614.49 	100.59 
2008-09-23	608.25 	99.06 
2008-09-24	620.43 	103.64 
2008-09-25	621.14 	104.40 
2008-09-26	618.97 	102.11 
2008-09-29	601.29 	99.06 
2008-09-30	596.54 	97.54 
2008-10-01	594.45 	99.83 
2008-10-02	597.69 	100.59 
2008-10-03	590.05 	99.83 
2008-10-06	551.80 	96.02 
2008-10-07	528.71 	93.73 
2008-10-08	492.34 	89.92 
2008-10-09	499.99 	89.92 
2008-10-10	451.96 	84.59 
2008-10-13	476.33 	91.44 
2008-10-14	500.77 	94.49 
2008-10-15	481.50 	92.21 
2008-10-16	477.73 	92.97 
2008-10-17	471.31 	90.68 
2008-10-20	476.95 	92.21 
2008-10-21	478.79 	92.97 
2008-10-22	465.24 	90.68 
2008-10-24	432.87 	84.59 
2008-10-27	387.43 	76.20 
2008-10-28	398.04 	75.82 
2008-10-29	384.15 	75.82 
2008-10-30	408.31 	79.25 
2008-10-31	416.53 	77.73 
2008-11-03	449.19 	84.59 
2008-11-04	457.62 	88.40 
2008-11-05	457.36 	86.87 
2008-11-06	462.93 	87.63 
2008-11-07	463.81 	88.40 
2008-11-10	456.44 	85.35 
2008-11-11	442.31 	81.54 
2008-11-12	435.70 	79.25 
2008-11-13	433.47 	78.49 
2008-11-14	429.97 	76.96 
2008-11-17	434.21 	77.73 
2008-11-18	419.97 	76.20 
2008-11-19	408.51 	75.44 
2008-11-20	393.85 	73.92 
2008-11-21	397.51 	73.92 
2008-11-24	386.12 	70.49 
2008-11-25	391.85 	67.44 
2008-11-26	395.22 	69.34 
2008-11-27	389.81 	68.20 
2008-11-28	401.84 	68.58 
2008-12-01	390.92 	68.96 
2008-12-02	387.32 	68.58 
2008-12-03	392.92 	68.58 
2008-12-04	392.87 	67.82 
2008-12-08	410.58 	69.34 
2008-12-09	423.79 	70.87 
2008-12-11	424.61 	70.49 
2008-12-12	424.79 	68.96 
2008-12-15	437.06 	69.73 
2008-12-16	445.31 	78.49 
2008-12-17	445.94 	83.06 
2008-12-18	451.72 	83.82 
2008-12-19	447.01 	84.59 
2008-12-22	434.08 	80.01 
2008-12-23	440.40 	80.01 
2008-12-24	439.17 	78.49 
2008-12-25	444.64 	79.25 
2008-12-26	446.62 	79.25 
2008-12-29	446.70 	78.49 
2008-12-30	449.96 	78.49 
2009-01-05	478.69 	86.87 
2009-01-06	473.15 	90.68 
2009-01-07	462.96 	88.40 
2009-01-08	465.03 	89.16 
2009-01-09	459.06 	86.87 
2009-01-12	452.80 	87.63 
2009-01-13	433.81 	80.77 
2009-01-14	439.51 	81.54 
2009-01-15	426.26 	76.96 
2009-01-16	435.20 	79.25 
2009-01-19	435.71 	80.01 
2009-01-20	433.19 	78.49 
2009-01-21	431.23 	78.49 
2009-01-22	438.27 	79.25 
2009-01-23	433.52 	77.73 
2009-01-26	436.73 	77.73 
2009-01-27	444.79 	80.01 
2009-01-28	448.35 	80.01 
2009-01-29	435.00 	77.73 
2009-01-30	437.69 	76.20 
2009-02-02	427.85 	75.44 
2009-02-03	430.69 	74.68 
2009-02-04	433.04 	74.68 
2009-02-05	433.44 	75.06 
2009-02-06	444.39 	76.96 
2009-02-10	443.17 	76.96 
2009-02-11	444.10 	76.96 
2009-02-12	440.63 	75.82 
2009-02-13	445.77 	75.82 
2009-02-16	446.64 	75.82 
2009-02-17	438.22 	74.68 
2009-02-18	439.60 	75.44 
2009-02-19	441.62 	76.20 
2009-02-20	434.67 	75.82 
2009-02-23	434.99 	75.44 
2009-02-24	431.32 	75.06 
2009-02-25	434.24 	76.20 
2009-02-26	431.94 	75.82 
2009-02-27	431.52 	76.20 
2009-03-02	416.52 	75.44 
2009-03-03	413.09 	74.68 
2009-03-04	417.86 	74.68 
2009-03-05	417.11 	74.68 
2009-03-06	419.51 	75.44 
2009-03-09	411.27 	72.77 
2009-03-10	417.41 	73.92 
2009-03-11	414.41 	73.92 
2009-03-12	415.04 	72.01 
2009-03-13	424.79 	72.77 
2009-03-16	424.61 	72.77 
2009-03-17	422.32 	72.39 
2009-03-18	426.20 	73.15 
2009-03-19	427.72 	73.54 
2009-03-20	429.64 	73.92 
2009-03-23	438.17 	75.06 
2009-03-24	438.16 	74.68 
2009-03-25	436.92 	74.68 
2009-03-26	439.40 	76.20 
2009-03-27	440.81 	76.96 
2009-03-30	429.60 	75.06 
2009-03-31	431.50 	75.06 
2009-04-01	430.09 	75.44 
2009-04-02	442.96 	80.11 
2009-04-03	446.04 	82.83 
2009-04-07	442.56 	84.38 
2009-04-08	443.57 	85.16 
2009-04-09	444.07 	84.77 
2009-04-10	453.88 	87.11 
2009-04-16	452.97 	87.11 
2009-04-17	456.80 	84.77 
2009-04-20	466.28 	87.11 
2009-04-21	466.38 	85.94 
2009-04-22	460.62 	82.44 
2009-04-23	466.06 	82.44 
2009-04-24	474.07 	85.16 
2009-04-27	474.99 	84.00 
2009-04-28	472.72 	84.38 
2009-04-29	483.50 	91.38 
2009-04-30	491.69 	94.11 
2009-05-04	506.26 	93.72 
2009-05-06	523.14 	96.83 
2009-05-07	527.72 	94.88 
2009-05-11	535.18 	97.22 
2009-05-12	544.54 	101.11 
2009-05-13	552.71 	100.72 
2009-05-14	526.55 	96.44 
2009-05-15	533.92 	98.77 
2009-05-18	540.22 	101.88 
2009-05-19	556.47 	106.16 
2009-05-20	561.41 	106.94 
2009-05-21	548.77 	103.83 
2009-05-22	554.02 	104.61 
2009-05-25	550.51 	103.44 
2009-05-26	542.69 	101.88 
2009-05-27	555.41 	103.44 
2009-05-28	555.43 	102.27 
2009-05-29	560.41 	101.88 
2009-06-01	579.98 	105.77 
2009-06-02	574.30 	104.61 
2009-06-03	582.25 	107.33 
2009-06-04	593.60 	113.16 
2009-06-05	604.57 	120.16 
2009-06-08	600.03 	123.27 
2009-06-09	607.73 	124.05 
2009-06-10	624.55 	125.60 
2009-06-11	627.07 	124.44 
2009-06-12	628.55 	124.05 
2009-06-15	611.92 	119.77 
2009-06-16	596.54 	115.88 
2009-06-17	586.14 	113.55 
2009-06-18	570.43 	106.55 
2009-06-19	588.98 	108.88 
2009-06-22	582.29 	107.33 
2009-06-23	569.85 	105.77 
2009-06-24	581.43 	109.66 
2009-06-25	590.60 	116.27 
2009-06-26	595.80 	118.22 
2009-06-29	601.60 	123.27 
2009-06-30	597.48 	120.55 
2009-07-02	586.42 	115.49 
2009-07-03	583.48 	115.49 
2009-07-08	575.87 	113.94 
2009-07-09	581.99 	118.22 
2009-07-10	566.03 	116.66 
2009-07-13	562.55 	116.66 
2009-07-14	577.75 	122.88 
2009-07-15	587.86 	127.16 
2009-07-16	582.74 	125.22 
2009-07-17	596.11 	129.49 
2009-07-20	613.67 	132.22 
2009-07-21	609.83 	132.60 
2009-07-22	598.22 	132.99 
2009-07-23	612.19 	132.99 
2009-07-24	614.24 	133.38 
2009-07-27	617.83 	134.94 
2009-07-28	621.96 	135.33 
2009-07-29	614.88 	134.16 
2009-07-30	621.95 	136.10 
2009-07-31	624.00 	143.10 
2009-08-03	641.43 	153.99 
2009-08-04	641.23 	153.21 
2009-08-05	640.16 	150.10 
2009-08-06	649.21 	152.44 
2009-08-07	644.20 	154.02 
2009-08-10	643.75 	154.83 
2009-08-11	643.02 	160.07 
2009-08-13	655.68 	160.47 
2009-08-14	654.25 	161.28 
2009-08-17	632.05 	154.42 
2009-08-18	640.25 	153.62 
2009-08-19	631.28 	149.59 
2009-08-20	640.98 	153.62 
2009-08-21	644.63 	154.83 
2009-08-24	653.20 	155.23 
2009-08-25	655.46 	156.44 
2009-08-26	658.28 	156.04 
2009-08-27	652.40 	156.04 
2009-08-28	656.98 	156.84 
2009-08-31	653.25 	156.44 
2009-09-01	654.12 	154.83 
2009-09-02	654.12 	154.42 
2009-09-03	665.54 	158.86 
2009-09-04	668.41 	165.31 
2009-09-07	682.57 	169.34 
2009-09-08	691.73 	177.41 
2009-09-09	695.59 	174.99 
2009-09-10	703.09 	175.79 
2009-09-11	707.81 	176.60 
2009-09-14	694.32 	173.37 
2009-09-15	703.16 	176.60 
2009-09-16	710.25 	182.24 
2009-09-17	709.23 	184.66 
2009-09-18	713.67 	184.66 
2009-09-21	713.16 	186.28 
2009-09-22	724.37 	190.31 
2009-09-23	730.52 	190.31 
2009-09-24	728.54 	187.89 
2009-09-25	721.57 	184.66 
2009-09-28	708.88 	180.63 
2009-09-29	715.29 	183.05 
2009-09-30	717.07 	179.02 
2009-10-01	726.91 	179.82 
2009-10-02	724.56 	177.41 
2009-10-05	718.47 	175.79 
2009-10-06	731.39 	180.63 
2009-10-07	741.92 	186.28 
2009-10-08	744.03 	185.47 
2009-10-09	746.87 	184.66 
2009-10-12	751.86 	183.86 
2009-10-13	746.67 	181.44 
2009-10-14	731.47 	179.82 
2009-10-15	692.72 	168.54 
2009-10-16	717.12 	172.57 
2009-10-19	731.61 	174.99 
2009-10-20	725.60 	176.60 
2009-10-21	716.35 	174.18 
2009-10-22	708.76 	170.95 
2009-10-26	711.83 	170.95 
2009-10-27	714.54 	170.15 
2009-10-28	703.95 	169.34 
2009-10-29	690.10 	164.50 
2009-10-30	685.24 	164.50 
2009-11-02	677.22 	167.73 
2009-11-03	668.48 	164.50 
2009-11-04	686.41 	168.54 
2009-11-05	681.91 	169.34 
2009-11-06	698.63 	174.99 
2009-11-09	713.48 	176.60 
2009-11-10	708.20 	173.37 
2009-11-11	717.90 	175.79 
2009-11-12	696.72 	172.57 
2009-11-13	698.33 	170.95 
2009-11-16	706.75 	176.60 
2009-11-17	706.55 	179.02 
2009-11-18	707.26 	177.41 
2009-11-19	700.42 	174.99 
2009-11-20	695.25 	171.76 
2009-11-23	690.41 	173.37 
2009-11-24	676.22 	170.95 
2009-11-25	695.69 	175.79 
2009-11-26	685.73 	180.63 
2009-11-27	680.37 	179.02 
2009-11-30	689.07 	182.24 
2009-12-01	710.01 	189.50 
2009-12-02	693.51 	179.82 
2009-12-03	706.84 	179.82 
2009-12-04	701.58 	178.21 
2009-12-08	698.82 	174.99 
2009-12-09	694.71 	174.18 
2009-12-11	703.64 	177.41 
2009-12-14	709.74 	180.63 
2009-12-15	709.64 	183.86 
2009-12-16	716.01 	181.44 
2009-12-17	715.81 	181.44 
2009-12-18	715.68 	180.63 
2009-12-21	715.17 	181.44 
2009-12-22	724.40 	187.08 
2009-12-23	729.80 	189.50 
2009-12-24	727.21 	188.69 
2009-12-25	730.41 	190.31 
2009-12-28	733.71 	191.11 
2009-12-29	742.16 	193.53 
2009-12-30	734.54 	189.50 
2010-01-04	732.28 	187.89 
2010-01-05	732.11 	187.89 
2010-01-06	735.73 	185.47 
2010-01-07	734.63 	182.24 
2010-01-08	738.96 	183.05 
2010-01-11	746.95 	190.31 
2010-01-12	745.24 	186.28 
2010-01-13	746.74 	187.89 
2010-01-14	749.42 	186.28 
2010-01-15	746.52 	183.86 
2010-01-18	746.89 	183.05 
2010-01-19	736.48 	181.44 
2010-01-20	731.80 	181.44 
2010-01-21	718.99 	179.02 
2010-01-22	714.10 	181.44 
2010-01-25	710.39 	174.18 
2010-01-26	701.66 	174.99 
2010-01-27	690.46 	173.37 
2010-01-28	689.72 	174.99 
2010-01-29	696.55 	175.79 
2010-02-01	697.61 	175.79 
2010-02-02	694.07 	173.37 
2010-02-03	707.65 	174.99 
2010-02-04	702.52 	174.99 
2010-02-05	691.41 	173.37 
2010-02-08	688.09 	172.57 
2010-02-09	685.89 	170.15 
2010-02-10	688.41 	170.95 
2010-02-11	695.41 	172.57 
2010-02-12	698.03 	172.57 
2010-02-15	689.09 	170.95 
2010-02-16	692.73 	170.95 
2010-02-17	697.49 	171.76 
2010-02-18	695.66 	170.95 
2010-02-19	700.44 	174.99 
2010-02-22	705.80 	174.99 
2010-02-23	715.58 	177.41 
2010-02-24	715.18 	177.41 
2010-02-25	717.10 	179.82 
2010-02-26	721.37 	179.82 
2010-03-02	733.19 	185.47 
2010-03-03	735.04 	186.28 
2010-03-04	730.82 	186.28 
2010-03-05	723.96 	184.66 
2010-03-08	720.29 	182.24 
2010-03-09	718.77 	183.05 
2010-03-10	720.84 	183.05 
2010-03-11	725.95 	184.66 
2010-03-12	733.34 	186.28 
2010-03-15	734.83 	186.28 
2010-03-16	752.20 	188.69 
2010-03-17	765.54 	193.53 
2010-03-18	759.02 	191.92 
2010-03-19	774.59 	193.53 
2010-03-22	772.25 	196.76 
2010-03-23	782.48 	199.98 
2010-03-24	786.54 	199.98 
2010-03-25	784.38 	202.40 
2010-03-26	778.86 	200.79 
2010-03-29	771.40 	199.18 
2010-03-30	788.80 	204.82 
2010-03-31	787.98 	207.24 
2010-04-01	801.32 	216.92 
2010-04-02	801.15 	218.53 
2010-04-05	808.15 	223.37 
2010-04-07	812.63 	220.91 
2010-04-08	783.93 	211.87 
2010-04-09	789.66 	215.98 
2010-04-12	760.90 	206.95 
2010-04-16	736.16 	194.63 
2010-04-19	726.29 	194.63 
2010-04-20	765.76 	211.87 
2010-04-21	757.85 	213.51 
2010-04-22	761.18 	212.69 
2010-04-23	754.58 	211.87 
2010-04-26	764.34 	217.62 
2010-04-27	762.00 	215.98 
2010-04-28	749.49 	211.87 
2010-04-29	753.20 	213.51 
2010-04-30	763.51 	216.80 
2010-05-04	796.86 	225.01 
2010-05-06	785.25 	218.44 
2010-05-07	768.55 	213.51 
2010-05-10	779.06 	217.62 
2010-05-11	772.09 	213.51 
2010-05-12	773.72 	213.51 
2010-05-13	766.55 	209.41 
2010-05-14	768.79 	210.23 
2010-05-17	753.26 	205.30 
2010-05-18	760.11 	209.41 
2010-05-19	765.54 	211.87 
2010-05-24	744.31 	200.38 
2010-05-25	721.29 	192.16 
2010-05-26	728.94 	193.81 
2010-05-27	737.28 	196.27 
2010-05-31	750.43 	201.20 
2010-06-01	740.92 	197.91 
2010-06-02	749.68 	200.38 
2010-06-03	765.96 	205.30 
2010-06-04	771.48 	207.77 
2010-06-07	759.85 	205.30 
2010-06-08	757.41 	201.20 
2010-06-09	764.21 	202.02 
2010-06-10	768.16 	205.30 
2010-06-11	769.55 	203.66 
2010-06-14	781.13 	211.05 
2010-06-15	780.37 	210.23 
2010-06-16	786.64 	212.69 
2010-06-17	789.34 	209.41 
2010-06-18	791.85 	206.95 
2010-06-21	806.07 	216.80 
2010-06-22	804.13 	214.34 
2010-06-23	806.52 	214.34 
2010-06-24	793.19 	212.69 
2010-06-25	793.67 	213.51 
2010-06-28	804.40 	218.44 
2010-06-29	799.09 	215.98 
2010-06-30	797.31 	215.16 
2010-07-02	802.57 	217.62 
2010-07-05	804.03 	214.34 
2010-07-06	815.52 	219.26 
2010-07-07	814.68 	220.08 
2010-07-08	817.57 	219.26 
2010-07-09	820.60 	218.44 
2010-07-12	819.61 	215.16 
2010-07-13	817.35 	212.69 
2010-07-14	819.54 	212.69 
2010-07-15	821.02 	211.05 
2010-07-16	827.54 	210.23 
2010-07-19	830.40 	211.05 
2010-07-20	824.41 	206.12 
2010-07-21	830.93 	206.12 
2010-07-22	833.01 	206.95 
2010-07-23	840.24 	211.87 
2010-07-27	853.68 	215.98 
2010-07-28	853.78 	218.44 
2010-07-29	854.59 	219.26 
2010-07-30	855.83 	221.73 
2010-08-02	863.18 	220.91 
2010-08-03	864.48 	218.44 
2010-08-04	867.34 	217.62 
2010-08-05	874.92 	220.08 
2010-08-06	875.07 	217.62 
2010-08-09	875.18 	218.04 
2010-08-10	861.95 	212.19 
2010-08-11	862.16 	213.86 
2010-08-16	860.55 	214.70 
2010-08-17	865.78 	213.03 
2010-08-18	880.02 	217.20 
2010-08-19	891.23 	223.89 
2010-08-20	893.92 	223.89 
2010-08-23	894.78 	227.23 
2010-08-24	890.45 	225.56 
2010-08-25	884.51 	221.38 
2010-08-26	886.10 	221.38 
2010-08-27	900.37 	228.06 
2010-08-30	909.65 	232.24 
2010-08-31	913.19 	247.28 
2010-09-01	919.34 	254.80 
2010-09-02	920.54 	253.13 
2010-09-03	929.90 	261.48 
2010-09-06	931.52 	273.17 
2010-09-07	923.89 	263.15 
2010-09-08	923.88 	263.15 
2010-09-09	921.49 	258.14 
2010-09-10	924.57 	258.97 
2010-09-13	937.04 	272.34 
2010-09-14	921.39 	260.64 
2010-09-15	921.10 	261.48 
2010-09-16	924.81 	257.30 
2010-09-17	923.57 	263.15 
2010-09-20	923.06 	261.48 
2010-09-21	937.21 	269.00 
2010-09-22	945.00 	270.67 
2010-09-23	947.10 	279.02 
2010-09-24	951.90 	279.86 
2010-09-27	962.47 	279.86 
2010-09-28	959.27 	274.85 
2010-09-29	969.65 	280.69 
2010-09-30	975.30 	278.19 
2010-10-01	978.58 	279.02 
2010-10-04	964.22 	270.67 
2010-10-05	969.28 	271.50 
2010-10-06	979.00 	272.34 
2010-10-07	970.90 	271.50 
2010-10-08	963.19 	268.16 
2010-10-11	977.85 	271.50 
2010-10-12	977.08 	274.01 
2010-10-13	992.60 	274.01 
2010-10-14	993.72 	269.83 
2010-10-15	997.15 	270.67 
2010-10-18	984.03 	269.83 
2010-10-19	989.27 	269.00 
2010-10-20	988.11 	270.67 
2010-10-21	988.80 	271.50 
2010-10-22	992.24 	272.34 
2010-10-26	996.04 	275.68 
2010-10-27	983.96 	269.83 
2010-10-28	987.23 	268.16 
2010-10-29	984.46 	263.99 
2010-11-01	1,003.24 	269.00 
2010-11-02	1,005.58 	266.49 
2010-11-03	1,014.20 	277.35 
2010-11-04	1,031.61 	290.72 
2010-11-05	1,040.45 	292.39 
2010-11-08	1,049.79 	294.06 
2010-11-09	1,047.55 	292.39 
2010-11-10	1,042.28 	287.38 
2010-11-11	1,029.86 	281.53 
2010-11-12	1,018.86 	279.86 
2010-11-15	1,029.14 	282.36 
2010-11-16	1,000.73 	275.68 
2010-11-17	990.13 	270.67 
2010-11-18	1,004.72 	272.34 
2010-11-19	1,008.77 	269.00 
2010-11-22	1,019.19 	274.01 
2010-11-23	1,009.47 	269.00 
2010-11-24	1,005.97 	268.16 
2010-11-25	996.42 	266.49 
2010-11-26	991.71 	265.66 
2010-11-29	1,009.00 	277.35 
2010-11-30	1,005.12 	277.35 
2010-12-01	1,017.64 	279.02 
2010-12-02	1,031.97 	285.71 
2010-12-03	1,034.06 	285.71 
2010-12-07	1,040.72 	289.88 
2010-12-08	1,025.08 	282.36 
2010-12-09	1,035.85 	289.05 
2010-12-13	1,033.32 	287.38 
2010-12-14	1,037.41 	287.38 
2010-12-15	1,035.47 	281.53 
2010-12-16	1,029.60 	288.21 
2010-12-17	1,022.46 	284.03 
2010-12-20	1,006.51 	274.85 
2010-12-21	1,013.19 	274.85 
2010-12-22	1,019.14 	276.52 
2010-12-23	1,021.27 	279.02 
2010-12-24	1,021.99 	279.86 
2010-12-27	1,019.46 	279.02 
2010-12-28	1,028.33 	280.69 
2010-12-29	1,034.59 	285.71 
2010-12-30	1,032.76 	284.87 
2011-01-04	1,042.41 	291.55 
2011-01-05	1,050.78 	290.72 
2011-01-06	1,050.98 	290.72 
2011-01-07	1,036.45 	284.03 
2011-01-10	1,018.03 	278.19 
2011-01-11	1,013.39 	276.52 
2011-01-12	1,019.51 	279.86 
2011-01-13	1,035.08 	280.69 
2011-01-14	1,032.26 	280.69 
2011-01-17	1,023.19 	277.35 
2011-01-18	1,024.54 	279.02 
2011-01-19	1,034.80 	282.36 
2011-01-20	1,022.16 	280.69 
2011-01-21	1,006.57 	279.02 
2011-01-24	963.68 	268.16 
2011-01-25	959.17 	259.81 
2011-01-26	978.07 	261.48 
2011-01-27	986.71 	263.99 
2011-01-28	981.83 	263.99 
2011-01-31	964.10 	260.64 
2011-02-01	959.69 	259.81 
2011-02-02	977.84 	262.31 
2011-02-03	980.60 	262.31 
2011-02-04	984.78 	264.82 
2011-02-07	985.63 	264.82 
2011-02-08	983.53 	263.15 
2011-02-09	969.89 	260.64 
2011-02-10	949.09 	256.47 
2011-02-11	949.57 	248.95 
2011-02-14	967.07 	257.30 
2011-02-15	968.49 	253.96 
2011-02-16	982.07 	258.14 
2011-02-17	995.57 	265.66 
2011-02-21	995.67 	264.82 
2011-02-22	987.21 	260.64 
2011-02-23	990.91 	260.64 
2011-02-24	977.22 	255.63 
2011-02-25	985.91 	258.97 
2011-02-28	987.91 	259.81 
2011-03-01	994.48 	263.15 
2011-03-02	987.59 	259.81 
2011-03-03	990.08 	259.81 
2011-03-04	995.91 	265.66 
2011-03-07	1,002.94 	263.99 
2011-03-08	1,018.57 	268.16 
2011-03-09	1,017.01 	269.00 
2011-03-10	1,019.22 	270.67 
2011-03-11	1,007.06 	269.00 
2011-03-14	1,022.89 	277.35 
2011-03-15	1,003.10 	274.01 
2011-03-16	1,008.13 	275.68 
2011-03-17	1,002.35 	274.85 
2011-03-18	1,003.29 	277.35 
2011-03-21	1,019.93 	281.53 
2011-03-22	1,019.14 	286.54 
2011-03-23	1,027.54 	294.06 
2011-03-24	1,034.39 	292.39 
2011-03-25	1,037.73 	294.89 
2011-03-28	1,032.94 	290.72 
2011-03-29	1,036.36 	290.72 
2011-03-30	1,050.67 	294.06 
2011-03-31	1,047.48 	293.22 
2011-04-01	1,064.35 	294.89 
2011-04-04	1,078.66 	299.07 
2011-04-05	1,076.13 	299.93 
2011-04-07	1,089.21 	302.49 
2011-04-08	1,082.69 	299.93 
2011-04-11	1,076.33 	298.22 
2011-04-12	1,084.91 	305.91 
2011-04-18	1,090.67 	315.31 
2011-04-19	1,095.88 	324.71 
2011-04-20	1,107.36 	324.71 
2011-04-21	1,109.92 	325.56 
2011-04-22	1,105.29 	322.14 
2011-04-25	1,105.43 	323.85 
2011-04-26	1,096.95 	324.71 
2011-04-27	1,101.35 	328.12 
2011-04-28	1,092.31 	318.73 
2011-04-29	1,093.56 	320.43 
2011-05-03	1,070.43 	315.31 
2011-05-04	1,073.97 	316.16 
2011-05-06	1,050.85 	307.62 
2011-05-09	1,072.47 	311.89 
2011-05-10	1,085.56 	319.58 
2011-05-11	1,100.48 	325.56 
2011-05-12	1,086.27 	317.87 
2011-05-13	1,084.96 	316.16 
2011-05-18	1,075.91 	312.74 
2011-05-19	1,077.50 	310.18 
2011-05-20	1,072.94 	309.33 
2011-05-23	1,053.97 	299.93 
2011-05-24	1,064.24 	300.78 
2011-05-25	1,055.54 	299.93 
2011-05-26	1,065.45 	303.34 
2011-05-27	1,067.00 	305.05 
2011-05-30	1,076.50 	307.62 
2011-05-31	1,073.83 	303.34 
2011-06-01	1,065.63 	299.07 
2011-06-02	1,059.81 	298.22 
2011-06-03	1,057.86 	300.78 
2011-06-06	1,046.16 	294.80 
2011-06-07	1,034.75 	288.82 
2011-06-08	1,014.58 	284.55 
2011-06-09	1,016.85 	288.82 
2011-06-10	1,020.37 	286.25 
2011-06-13	1,015.53 	287.96 
2011-06-14	1,034.92 	292.24 
2011-06-15	1,030.31 	286.25 
2011-06-16	1,019.55 	283.69 
2011-06-17	1,018.96 	286.25 
2011-06-20	1,013.09 	285.40 
2011-06-21	1,027.72 	290.53 
2011-06-22	1,023.86 	294.80 
2011-06-23	1,014.13 	294.80 
2011-06-24	1,022.94 	297.36 
2011-06-27	1,010.32 	293.09 
2011-06-28	1,013.50 	290.53 
2011-06-29	1,033.26 	299.07 
2011-06-30	1,041.48 	301.64 
2011-07-04	1,090.28 	314.45 
2011-07-05	1,084.59 	313.60 
2011-07-06	1,072.68 	309.33 
2011-07-07	1,083.08 	313.60 
2011-07-08	1,088.46 	320.43 
2011-07-11	1,077.24 	316.16 
2011-07-12	1,062.39 	309.33 
2011-07-13	1,077.40 	311.89 
2011-07-14	1,079.91 	316.16 
2011-07-18	1,083.94 	315.31 
2011-07-19	1,096.77 	316.16 
2011-07-20	1,101.37 	313.60 
2011-07-21	1,104.15 	311.89 
2011-07-22	1,121.04 	316.16 
2011-07-25	1,127.58 	315.31 
2011-07-26	1,121.63 	320.43 
2011-07-27	1,130.71 	320.43 
2011-07-28	1,134.38 	323.85 
2011-07-29	1,133.53 	325.56 
2011-08-01	1,144.14 	328.12 
2011-08-02	1,139.61 	322.14 
2011-08-03	1,133.46 	319.58 
2011-08-04	1,124.01 	316.16 
2011-08-05	1,093.38 	308.47 
2011-08-08	1,078.19 	303.70 
2011-08-09	1,042.54 	293.29 
2011-08-10	1,060.21 	294.15 
2011-08-11	1,062.07 	291.55 
2011-08-15	1,086.32 	301.96 
2011-08-16	1,077.02 	300.23 
2011-08-17	1,093.51 	305.43 
2011-08-18	1,089.09 	303.70 
2011-08-19	1,069.20 	295.89 
2011-08-22	1,067.84 	292.42 
2011-08-23	1,057.28 	289.82 
2011-08-24	1,046.43 	279.40 
2011-08-25	1,025.00 	275.93 
2011-08-26	1,037.22 	274.20 
2011-08-29	1,055.63 	286.34 
2011-08-30	1,044.97 	281.14 
2011-08-31	1,070.05 	289.82 
2011-09-01	1,069.13 	289.82 
2011-09-02	1,065.18 	284.61 
2011-09-05	1,049.23 	278.54 
2011-09-06	1,055.60 	280.27 
2011-09-07	1,068.72 	282.87 
2011-09-08	1,072.21 	282.01 
2011-09-09	1,062.37 	278.54 
2011-09-12	1,040.83 	270.73 
2011-09-13	1,031.67 	269.86 
2011-09-14	1,022.96 	268.99 
2011-09-15	1,036.21 	269.86 
2011-09-16	1,033.34 	268.12 
2011-09-19	1,017.19 	262.92 
2011-09-20	1,026.28 	263.78 
2011-09-21	1,029.59 	265.52 
2011-09-22	990.59 	255.97 
2011-09-23	958.16 	246.43 
2011-09-26	904.06 	235.15 
2011-09-27	946.62 	248.17 
2011-09-28	931.60 	235.15 
2011-09-29	926.21 	231.68 
2011-09-30	916.21 	227.34 
2011-10-03	869.31 	215.19 
2011-10-04	855.45 	209.99 
2011-10-05	862.65 	211.72 
2011-10-06	913.72 	230.81 
2011-10-07	909.17 	229.94 
2011-10-10	923.17 	238.62 
2011-10-11	944.80 	249.03 
2011-10-12	952.77 	254.24 
2011-10-13	936.82 	249.03 
2011-10-14	955.81 	255.11 
2011-10-17	971.63 	265.52 
2011-10-18	952.75 	260.31 
2011-10-19	938.19 	258.58 
2011-10-20	909.10 	249.90 
2011-10-21	916.34 	250.77 
2011-10-25	942.55 	265.52 
2011-10-26	938.68 	270.73 
2011-10-27	960.17 	272.46 
2011-10-28	973.18 	273.33 
2011-10-31	974.75 	273.33 
2011-11-01	956.59 	270.73 
2011-11-02	965.80 	275.06 
2011-11-03	957.56 	271.59 
2011-11-04	957.31 	272.46 
2011-11-07	956.02 	272.46 
2011-11-08	983.44 	278.54 
2011-11-09	967.84 	279.40 
2011-11-10	968.30 	279.40 
2011-11-11	970.97 	281.14 
2011-11-14	984.28 	283.74 
2011-11-15	984.97 	282.01 
2011-11-16	997.11 	282.87 
2011-11-17	993.38 	280.27 
2011-11-18	984.16 	279.40 
2011-11-21	965.07 	274.20 
2011-11-22	977.36 	276.80 
2011-11-23	976.87 	275.06 
2011-11-24	980.50 	275.93 
2011-11-25	967.18 	272.46 
2011-11-28	984.18 	275.93 
2011-11-29	988.06 	273.33 
2011-11-30	995.33 	273.33 
2011-12-01	1,019.15 	281.14 
2011-12-02	1,029.37 	282.01 
2011-12-06	1,030.77 	284.61 
2011-12-07	1,046.73 	287.21 
2011-12-08	1,043.24 	288.08 
2011-12-09	1,034.00 	286.34 
2011-12-13	1,030.61 	282.87 
2011-12-14	1,023.48 	276.80 
2011-12-15	1,024.16 	275.06 
2011-12-16	1,034.06 	276.80 
2011-12-19	1,033.55 	275.93 
2011-12-20	1,033.29 	275.06 
2011-12-21	1,043.75 	277.67 
2011-12-22	1,042.52 	277.67 
2011-12-23	1,037.37 	275.06 
2011-12-26	1,032.51 	274.20 
2011-12-27	1,028.38 	273.33 
2011-12-28	1,028.19 	270.73 
2011-12-29	1,023.91 	272.46 
2011-12-30	1,025.32 	271.59 
2012-01-04	1,036.21 	275.93 
2012-01-05	1,036.80 	278.54 
2012-01-06	1,036.26 	278.54 
2012-01-09	1,044.84 	278.54 
2012-01-10	1,053.04 	282.87 
2012-01-11	1,051.63 	284.61 
2012-01-12	1,052.23 	281.14 
2012-01-13	1,044.81 	278.54 
2012-01-16	1,037.01 	275.93 
2012-01-17	1,056.54 	282.01 
2012-01-18	1,051.64 	282.01 
2012-01-19	1,058.94 	284.61 
2012-01-20	1,058.66 	282.01 
2012-01-23	1,062.55 	282.01 
2012-01-24	1,063.08 	282.87 
2012-01-25	1,056.01 	281.14 
2012-01-26	1,068.54 	286.34 
2012-01-27	1,076.29 	295.89 
2012-01-30	1,074.71 	298.49 
2012-01-31	1,083.97 	300.23 
2012-02-01	1,086.36 	296.76 
2012-02-02	1,091.67 	300.23 
2012-02-03	1,098.95 	305.43 
2012-02-06	1,094.01 	308.04 
2012-02-07	1,101.12 	308.04 
2012-02-08	1,116.08 	309.77 
2012-02-09	1,117.17 	313.24 
2012-02-10	1,112.91 	310.64 
2012-02-13	1,117.40 	309.77 
2012-02-14	1,106.41 	302.83 
2012-02-15	1,126.48 	304.57 
2012-02-16	1,120.25 	301.10 
2012-02-17	1,129.93 	307.17 
2012-02-20	1,135.92 	311.51 
2012-02-21	1,140.39 	310.64 
2012-02-22	1,137.82 	308.91 
2012-02-23	1,140.07 	305.43 
2012-02-24	1,146.14 	303.70 
2012-02-27	1,135.04 	299.36 
2012-02-28	1,146.26 	307.17 
2012-02-29	1,160.90 	309.77 
2012-03-01	1,164.98 	311.51 
2012-03-02	1,165.15 	309.77 
2012-03-05	1,157.95 	306.30 
2012-03-06	1,153.16 	305.43 
2012-03-08	1,168.31 	306.30 
2012-03-09	1,158.71 	304.57 
2012-03-12	1,150.18 	301.10 
2012-03-13	1,153.56 	297.62 
2012-03-14	1,164.36 	300.23 
2012-03-15	1,171.34 	298.49 
2012-03-16	1,189.56 	306.30 
2012-03-19	1,189.50 	307.17 
2012-03-20	1,196.60 	308.04 
2012-03-21	1,207.67 	308.91 
2012-03-22	1,191.00 	307.17 
2012-03-23	1,194.44 	309.77 
2012-03-26	1,188.32 	308.91 
2012-03-27	1,207.29 	312.38 
2012-03-28	1,204.01 	312.38 
2012-03-29	1,203.91 	314.11 
2012-03-30	1,196.77 	308.04 
2012-04-02	1,199.09 	310.64 
2012-04-03	1,211.07 	311.51 
2012-04-04	1,198.09 	309.74 
2012-04-05	1,182.41 	306.20 
2012-04-10	1,165.61 	301.77 
2012-04-11	1,154.49 	301.77 
2012-04-12	1,169.45 	300.89 
2012-04-17	1,160.23 	291.15 
2012-04-18	1,168.05 	294.69 
2012-04-19	1,185.34 	300.89 
2012-04-20	1,194.60 	302.66 
2012-04-23	1,189.35 	299.12 
2012-04-24	1,199.86 	296.46 
2012-04-25	1,201.36 	295.58 
2012-04-26	1,209.27 	302.66 
2012-04-27	1,211.78 	306.20 
2012-04-30	1,228.49 	309.74 
2012-05-02	1,239.06 	311.51 
2012-05-03	1,240.03 	312.39 
2012-05-04	1,227.41 	309.74 
2012-05-08	1,231.04 	309.74 
2012-05-09	1,207.25 	306.20 
2012-05-10	1,190.65 	302.66 
2012-05-11	1,191.01 	304.43 
2012-05-14	1,165.51 	299.12 
2012-05-15	1,184.55 	300.00 
2012-05-16	1,171.23 	304.43 
2012-05-17	1,173.56 	301.77 
2012-05-18	1,154.44 	297.35 
2012-05-21	1,135.16 	289.38 
2012-05-22	1,131.52 	292.04 
2012-05-23	1,110.70 	287.61 
2012-05-24	1,125.78 	292.92 
2012-05-25	1,132.83 	293.81 
2012-05-28	1,139.93 	294.69 
2012-05-29	1,153.66 	300.00 
2012-05-30	1,138.63 	298.23 
2012-05-31	1,141.50 	302.66 
2012-06-01	1,115.19 	291.15 
2012-06-05	1,099.15 	288.50 
2012-06-06	1,117.95 	292.92 
2012-06-07	1,118.53 	292.04 
2012-06-08	1,127.10 	289.38 
2012-06-11	1,158.07 	296.46 
2012-06-12	1,162.93 	293.81 
2012-06-13	1,158.22 	291.15 
2012-06-14	1,153.01 	288.50 
2012-06-15	1,165.73 	291.15 
2012-06-18	1,163.41 	290.27 
2012-06-19	1,173.09 	291.15 
2012-06-20	1,173.24 	290.27 
2012-06-21	1,159.05 	290.27 
2012-06-22	1,152.91 	284.96 
2012-06-25	1,147.43 	276.11 
2012-06-26	1,151.09 	276.11 
2012-06-27	1,165.98 	277.88 
2012-06-28	1,171.32 	278.76 
2012-06-29	1,172.11 	279.65 
2012-07-02	1,188.74 	283.19 
2012-07-03	1,198.07 	284.07 
2012-07-04	1,194.15 	287.61 
2012-07-05	1,201.80 	284.96 
2012-07-06	1,200.08 	281.42 
2012-07-09	1,186.95 	279.65 
2012-07-10	1,204.42 	282.30 
2012-07-11	1,208.67 	281.42 
2012-07-12	1,193.13 	277.88 
2012-07-13	1,210.29 	282.30 
2012-07-16	1,214.25 	284.07 
2012-07-17	1,224.21 	284.07 
2012-07-18	1,220.14 	286.73 
2012-07-19	1,212.96 	291.15 
2012-07-20	1,208.55 	286.73 
2012-07-23	1,185.11 	282.30 
2012-07-24	1,187.64 	278.76 
2012-07-25	1,188.62 	279.65 
2012-07-26	1,172.92 	281.42 
2012-07-27	1,178.01 	281.42 
2012-07-30	1,193.32 	288.50 
2012-07-31	1,199.30 	290.27 
2012-08-01	1,201.13 	290.27 
2012-08-03	1,197.53 	286.73 
2012-08-06	1,208.01 	290.77 
2012-08-07	1,208.19 	293.46 
2012-08-08	1,214.13 	298.84 
2012-08-09	1,217.70 	299.74 
2012-08-10	1,219.37 	301.54 
2012-08-14	1,226.82 	306.92 
2012-08-15	1,226.83 	308.72 
2012-08-16	1,224.40 	304.23 
2012-08-17	1,223.91 	303.33 
2012-08-20	1,229.00 	304.23 
2012-08-21	1,232.29 	301.54 
2012-08-22	1,234.14 	297.05 
2012-08-23	1,237.64 	297.05 
2012-08-24	1,237.19 	297.05 
2012-08-27	1,233.73 	294.36 
2012-08-28	1,233.16 	293.46 
2012-08-29	1,220.16 	292.56 
2012-08-30	1,214.55 	296.15 
2012-08-31	1,227.48 	297.95 
2012-09-03	1,235.48 	298.07 
2012-09-04	1,236.31 	299.74 
2012-09-05	1,233.84 	297.95 
2012-09-06	1,243.92 	296.15 
2012-09-07	1,246.10 	297.05 
2012-09-10	1,250.93 	297.05 
2012-09-11	1,248.32 	293.46 
2012-09-12	1,259.96 	294.36 
2012-09-13	1,257.69 	293.46 
2012-09-14	1,276.12 	307.82 
2012-09-17	1,278.54 	312.31 
2012-09-18	1,272.86 	315.00 
2012-09-19	1,285.46 	321.28 
2012-09-20	1,282.68 	321.28 
2012-09-21	1,286.26 	319.49 
2012-09-24	1,284.30 	315.90 
2012-09-25	1,287.41 	315.90 
2012-09-26	1,274.50 	313.20 
2012-09-27	1,286.11 	315.00 
2012-09-28	1,298.79 	313.20 
2012-10-01	1,299.71 	313.20 
2012-10-02	1,305.66 	314.10 
2012-10-03	1,307.55 	313.20 
2012-10-04	1,306.63 	315.00 
2012-10-05	1,311.35 	319.49 
2012-10-08	1,304.71 	321.28 
2012-10-09	1,292.48 	316.79 
2012-10-10	1,289.35 	316.79 
2012-10-11	1,294.90 	323.08 
2012-10-12	1,296.98 	320.38 
2012-10-15	1,290.56 	313.20 
2012-10-16	1,287.49 	318.59 
2012-10-17	1,301.28 	322.18 
2012-10-18	1,311.21 	319.49 
2012-10-19	1,307.71 	323.08 
2012-10-22	1,310.42 	328.46 
2012-10-24	1,295.00 	327.56 
2012-10-25	1,297.39 	330.25 
2012-10-26	1,281.81 	325.77 
2012-10-29	1,279.57 	326.66 
2012-10-30	1,294.43 	331.15 
2012-10-31	1,298.87 	335.64 
2012-11-01	1,297.99 	349.10 
2012-11-02	1,306.60 	360.77 
2012-11-05	1,306.70 	350.00 
2012-11-06	1,300.84 	350.00 
2012-11-07	1,299.74 	347.31 
2012-11-08	1,293.70 	344.61 
2012-11-09	1,290.83 	347.31 
2012-11-12	1,294.50 	346.41 
2012-11-13	1,289.07 	344.61 
2012-11-14	1,279.29 	336.54 
2012-11-15	1,274.02 	342.82 
2012-11-16	1,280.13 	350.00 
2012-11-19	1,283.65 	351.79 
2012-11-20	1,276.41 	351.79 
2012-11-21	1,276.39 	350.00 
2012-11-22	1,279.51 	352.69 
2012-11-23	1,281.70 	350.00 
2012-11-26	1,290.85 	347.31 
2012-11-27	1,297.03 	348.20 
2012-11-28	1,299.94 	348.20 
2012-11-29	1,309.57 	350.90 
2012-11-30	1,324.04 	354.49 
2012-12-03	1,332.92 	358.07 
2012-12-04	1,330.06 	358.07 
2012-12-06	1,339.88 	358.97 
2012-12-07	1,334.95 	356.28 
2012-12-11	1,341.33 	362.56 
2012-12-12	1,354.57 	375.13 
2012-12-13	1,353.81 	382.31 
2012-12-14	1,358.50 	376.92 
2012-12-17	1,359.09 	367.95 
2012-12-18	1,362.94 	367.95 
2012-12-19	1,378.40 	380.51 
2012-12-20	1,377.40 	380.51 
2012-12-21	1,373.38 	393.07 
2012-12-24	1,375.82 	394.87 
2012-12-25	1,378.32 	394.87 
2012-12-26	1,382.23 	393.07 
2012-12-27	1,397.19 	403.84 
2012-12-28	1,391.93 	394.87 
2013-01-02	1,407.45 	400.25 
2013-01-03	1,408.41 	398.46 
2013-01-04	1,416.66 	403.84 
2013-01-07	1,415.32 	400.25 
2013-01-08	1,417.33 	400.25 
2013-01-09	1,423.46 	394.87 
2013-01-10	1,405.99 	394.87 
2013-01-11	1,412.06 	389.48 
2013-01-14	1,425.07 	387.69 
2013-01-15	1,422.86 	384.10 
2013-01-16	1,416.14 	384.10 
2013-01-17	1,420.95 	382.31 
2013-01-18	1,434.44 	389.48 
2013-01-21	1,440.48 	394.87 
2013-01-22	1,434.09 	396.66 
2013-01-23	1,439.20 	402.05 
2013-01-24	1,449.09 	394.87 
2013-01-25	1,461.41 	400.25 
2013-01-28	1,472.05 	414.61 
2013-01-29	1,478.77 	411.02 
2013-01-30	1,490.82 	405.64 
2013-01-31	1,474.20 	398.46 
2013-02-01	1,499.22 	400.25 
2013-02-04	1,506.37 	396.66 
2013-02-05	1,505.72 	396.66 
2013-02-06	1,500.35 	391.28 
2013-02-07	1,499.81 	394.87 
2013-02-08	1,497.30 	396.66 
2013-02-11	1,489.11 	393.07 
2013-02-12	1,488.95 	394.87 
2013-02-13	1,514.11 	402.05 
2013-02-14	1,526.74 	411.02 
2013-02-15	1,521.52 	405.64 
2013-02-18	1,523.29 	409.23 
2013-02-19	1,532.07 	412.82 
2013-02-20	1,546.64 	416.41 
2013-02-21	1,528.74 	416.41 
2013-02-22	1,540.13 	427.18 
2013-02-26	1,530.32 	425.38 
2013-02-27	1,518.05 	412.82 
2013-02-28	1,541.58 	416.41 
2013-03-01	1,539.60 	416.41 
2013-03-04	1,540.72 	409.23 
2013-03-05	1,549.31 	412.82 
2013-03-06	1,559.35 	425.38 
2013-03-07	1,560.98 	421.79 
2013-03-08	1,566.92 	437.95 
2013-03-11	1,577.65 	443.33 
2013-03-12	1,576.68 	439.74 
2013-03-13	1,578.70 	430.77 
2013-03-14	1,586.79 	437.95 
2013-03-15	1,598.13 	448.72 
2013-03-18	1,591.65 	446.92 
2013-03-19	1,568.25 	441.54 
2013-03-20	1,543.67 	432.56 
2013-03-21	1,529.52 	428.97 
2013-03-22	1,478.97 	414.61 
2013-03-25	1,523.95 	423.59 
2013-03-26	1,544.03 	421.79 
2013-03-27	1,560.87 	445.13 
2013-03-28	1,544.57 	430.77 
2013-03-29	1,561.06 	439.74 
2013-04-01	1,549.55 	436.15 
2013-04-02	1,550.54 	436.61 
2013-04-03	1,520.52 	423.87 
2013-04-04	1,528.46 	420.23 
2013-04-05	1,489.53 	412.96 
2013-04-09	1,470.72 	409.32 
2013-04-10	1,490.25 	409.32 
2013-04-11	1,516.81 	420.23 
2013-04-12	1,527.32 	420.23 
2013-04-17	1,521.53 	412.96 
2013-04-18	1,529.76 	411.14 
2013-04-19	1,545.46 	420.23 
2013-04-22	1,559.10 	442.06 
2013-04-23	1,549.35 	438.43 
2013-04-24	1,553.85 	442.06 
2013-04-25	1,574.25 	445.70 
2013-04-26	1,582.93 	438.43 
2013-04-29	1,584.93 	436.61 
2013-04-30	1,597.86 	434.79 
2013-05-02	1,589.19 	442.06 
2013-05-03	1,578.95 	434.79 
2013-05-07	1,601.15 	445.70 
2013-05-08	1,614.15 	443.88 
2013-05-09	1,621.12 	442.06 
2013-05-10	1,622.48 	442.06 
2013-05-13	1,617.73 	442.06 
2013-05-14	1,623.48 	442.06 
2013-05-15	1,630.09 	443.88 
2013-05-16	1,617.89 	434.79 
2013-05-17	1,627.96 	423.87 
2013-05-20	1,643.40 	429.33 
2013-05-21	1,643.43 	436.61 
2013-05-22	1,631.27 	431.15 
2013-05-23	1,607.46 	425.69 
2013-05-27	1,593.10 	427.51 
2013-05-28	1,619.57 	431.15 
2013-05-29	1,601.61 	423.87 
2013-05-30	1,581.32 	422.05 
2013-05-31	1,562.07 	422.05 
2013-06-03	1,539.26 	416.59 
2013-06-04	1,555.61 	414.78 
2013-06-05	1,522.66 	403.86 
2013-06-06	1,490.21 	400.22 
2013-06-07	1,516.24 	416.59 
2013-06-10	1,528.55 	411.14 
2013-06-11	1,452.63 	391.13 
2013-06-12	1,433.47 	387.49 
2013-06-13	1,403.27 	389.31 
2013-06-14	1,465.27 	403.86 
2013-06-17	1,471.04 	400.22 
2013-06-18	1,427.42 	383.85 
2013-06-19	1,437.70 	382.03 
2013-06-20	1,402.19 	382.03 
2013-06-21	1,400.50 	389.31 
2013-06-24	1,364.09 	385.67 
2013-06-25	1,384.63 	391.13 
2013-06-26	1,424.38 	398.40 
2013-06-27	1,446.45 	403.86 
2013-06-28	1,451.90 	405.68 
2013-07-02	1,463.98 	411.14 
2013-07-03	1,443.57 	400.22 
2013-07-04	1,430.88 	383.85 
2013-07-05	1,441.33 	385.67 
2013-07-08	1,404.64 	382.03 
2013-07-09	1,398.69 	389.31 
2013-07-10	1,388.41 	398.40 
2013-07-11	1,447.04 	411.14 
2013-07-12	1,453.71 	407.50 
2013-07-15	1,455.40 	407.50 
2013-07-16	1,451.45 	403.86 
2013-07-17	1,458.08 	409.32 
2013-07-18	1,487.19 	420.23 
2013-07-19	1,481.84 	412.96 
2013-07-23	1,513.31 	411.14 
2013-07-24	1,501.36 	407.50 
2013-07-25	1,456.68 	396.58 
2013-07-26	1,476.71 	409.32 
2013-07-29	1,454.28 	400.22 
2013-07-30	1,435.44 	403.86 
2013-07-31	1,423.14 	416.59 
2013-08-01	1,437.51 	416.59 
2013-08-02	1,420.94 	409.32 
2013-08-05	1,424.31 	412.96 
2013-08-06	1,429.39 	407.50 
2013-08-07	1,429.99 	403.86 
2013-08-08	1,447.16 	409.32 
2013-08-09	1,432.58 	410.70 
2013-08-13	1,459.08 	418.07 
2013-08-14	1,460.63 	418.07 
2013-08-15	1,453.07 	412.54 
2013-08-16	1,445.76 	421.75 
2013-08-19	1,398.48 	403.33 
2013-08-20	1,370.86 	392.28 
2013-08-21	1,355.14 	392.28 
2013-08-22	1,351.81 	399.65 
2013-08-23	1,338.13 	381.23 
2013-08-26	1,329.18 	377.55 
2013-08-27	1,293.97 	363.74 
2013-08-28	1,275.76 	355.45 
2013-08-29	1,292.53 	360.97 
2013-08-30	1,294.30 	361.89 
2013-09-02	1,323.70 	372.02 
2013-09-03	1,315.41 	368.34 
2013-09-04	1,303.21 	357.29 
2013-09-05	1,313.49 	362.82 
2013-09-06	1,336.25 	365.58 
2013-09-09	1,384.31 	388.60 
2013-09-10	1,393.17 	401.49 
2013-09-11	1,411.18 	412.54 
2013-09-12	1,397.90 	407.02 
2013-09-13	1,401.08 	397.81 
2013-09-16	1,445.11 	405.17 
2013-09-17	1,443.78 	408.86 
2013-09-18	1,439.13 	410.70 
2013-09-19	1,489.06 	423.59 
2013-09-20	1,486.76 	425.43 
2013-09-23	1,436.68 	407.02 
2013-09-24	1,417.77 	403.33 
2013-09-25	1,436.90 	412.54 
2013-09-26	1,424.76 	414.38 
2013-09-27	1,417.49 	414.38 
2013-09-30	1,383.16 	392.28 
2013-10-01	1,408.19 	401.49 
2013-10-02	1,408.99 	401.49 
2013-10-03	1,429.18 	397.81 
2013-10-04	1,427.72 	397.81 
2013-10-07	1,414.62 	395.97 
2013-10-08	1,434.06 	401.49 
2013-10-09	1,434.66 	397.81 
2013-10-10	1,451.91 	403.33 
2013-10-11	1,457.78 	405.17 
2013-10-14	1,459.84 	403.33 
2013-10-15	1,472.90 	401.49 
2013-10-16	1,464.38 	399.65 
2013-10-17	1,469.09 	405.17 
2013-10-18	1,484.72 	412.54 
2013-10-21	1,448.54 	399.65 
2013-10-22	1,457.36 	397.81 
2013-10-24	1,466.32 	405.17 
2013-10-25	1,454.88 	403.33 
2013-10-28	1,449.62 	397.81 
2013-10-29	1,455.86 	401.49 
2013-10-30	1,431.12 	397.81 
2013-10-31	1,442.88 	394.12 
2013-11-01	1,429.08 	401.49 
2013-11-04	1,388.40 	383.07 
2013-11-05	1,415.44 	392.28 
2013-11-06	1,434.97 	401.49 
2013-11-07	1,425.23 	397.81 
2013-11-08	1,405.03 	388.60 
2013-11-11	1,405.91 	393.24 
2013-11-12	1,413.08 	387.67 
2013-11-13	1,404.77 	387.67 
2013-11-14	1,415.69 	389.53 
2013-11-15	1,420.66 	389.53 
2013-11-18	1,423.96 	395.09 
2013-11-19	1,412.44 	391.38 
2013-11-20	1,404.81 	395.09 
2013-11-21	1,375.86 	385.82 
2013-11-22	1,359.07 	370.05 
2013-11-25	1,352.86 	367.27 
2013-11-26	1,358.69 	369.12 
2013-11-27	1,373.11 	369.12 
2013-11-28	1,359.45 	364.49 
2013-11-29	1,371.13 	365.41 
2013-12-02	1,374.26 	367.27 
2013-12-03	1,383.89 	370.98 
2013-12-04	1,376.63 	372.83 
2013-12-06	1,361.57 	374.69 
2013-12-09	1,367.42 	380.25 
2013-12-11	1,369.35 	372.83 
2013-12-12	1,356.21 	370.98 
2013-12-13	1,341.13 	362.63 
2013-12-16	1,328.40 	366.34 
2013-12-17	1,337.18 	366.34 
2013-12-18	1,349.86 	370.98 
2013-12-19	1,346.63 	367.27 
2013-12-20	1,342.72 	368.20 
2013-12-23	1,326.14 	370.05 
2013-12-24	1,327.13 	370.98 
2013-12-25	1,332.45 	378.40 
2013-12-26	1,308.46 	378.40 
2013-12-27	1,298.71 	370.98 
2014-01-02	1,230.77 	353.36 
2014-01-03	1,224.62 	352.43 
2014-01-06	1,230.84 	357.07 
2014-01-07	1,262.36 	360.78 
2014-01-08	1,257.73 	363.56 
2014-01-09	1,258.26 	363.56 
2014-01-10	1,255.45 	362.63 
2014-01-13	1,283.56 	368.20 
2014-01-14	1,295.87 	378.40 
2014-01-15	1,277.03 	376.54 
2014-01-16	1,301.48 	378.40 
2014-01-17	1,295.41 	374.69 
2014-01-20	1,289.99 	372.83 
2014-01-21	1,293.10 	370.98 
2014-01-22	1,290.49 	372.83 
2014-01-23	1,308.34 	380.25 
2014-01-24	1,314.63 	385.82 
2014-01-27	1,288.59 	372.83 
2014-01-28	1,271.79 	370.98 
2014-01-29	1,271.42 	372.83 
2014-01-30	1,264.07 	372.83 
2014-01-31	1,274.28 	376.54 
2014-02-03	1,292.81 	378.40 
2014-02-04	1,276.84 	376.54 
2014-02-05	1,280.25 	374.69 
2014-02-06	1,295.24 	385.82 
2014-02-07	1,296.49 	385.82 
2014-02-10	1,290.66 	380.25 
2014-02-11	1,296.25 	383.96 
2014-02-12	1,314.06 	389.53 
2014-02-13	1,311.87 	385.82 
2014-02-17	1,332.37 	389.53 
2014-02-18	1,326.21 	387.67 
2014-02-19	1,321.00 	382.11 
2014-02-20	1,303.98 	383.96 
2014-02-21	1,304.21 	385.82 
2014-02-24	1,301.38 	385.82 
2014-02-25	1,303.88 	383.96 
2014-02-26	1,304.62 	385.82 
2014-02-27	1,318.05 	389.53 
2014-02-28	1,325.33 	398.80 
2014-03-03	1,339.21 	400.66 
2014-03-04	1,345.82 	396.95 
2014-03-05	1,351.64 	396.95 
2014-03-06	1,352.21 	395.09 
2014-03-07	1,355.08 	402.51 
2014-03-10	1,349.05 	400.66 
2014-03-11	1,364.28 	404.37 
2014-03-12	1,356.42 	396.95 
2014-03-13	1,370.50 	398.80 
2014-03-14	1,372.18 	395.09 
2014-03-17	1,377.10 	393.24 
2014-03-18	1,373.08 	389.53 
2014-03-19	1,364.27 	380.25 
2014-03-20	1,361.47 	383.96 
2014-03-21	1,360.50 	387.67 
2014-03-24	1,349.90 	382.11 
2014-03-25	1,354.01 	385.82 
2014-03-26	1,360.44 	383.96 
2014-03-27	1,355.95 	387.67 
2014-03-28	1,368.90 	389.53 
2014-03-31	1,376.26 	387.67 
2014-04-01	1,387.48 	394.27 
2014-04-02	1,396.62 	398.05 
2014-04-03	1,391.22 	398.05 
2014-04-04	1,392.01 	403.71 
2014-04-08	1,379.34 	396.16 
2014-04-09	1,382.02 	401.82 
2014-04-10	1,389.56 	401.82 
2014-04-11	1,389.16 	401.82 
2014-04-16	1,401.84 	403.71 
2014-04-17	1,408.78 	401.82 
2014-04-18	1,409.18 	401.82 
2014-04-21	1,413.07 	401.82 
2014-04-22	1,415.05 	409.37 
2014-04-23	1,423.39 	422.57 
2014-04-24	1,422.67 	420.69 
2014-04-25	1,408.16 	407.48 
2014-04-28	1,411.23 	415.03 
2014-04-29	1,412.33 	416.91 
2014-04-30	1,414.94 	409.37 
2014-05-02	1,421.48 	401.82 
2014-05-06	1,404.01 	398.05 
2014-05-07	1,402.61 	398.05 
2014-05-08	1,379.02 	396.16 
2014-05-09	1,377.37 	398.05 
2014-05-12	1,375.14 	394.27 
2014-05-14	1,396.03 	394.27 
2014-05-15	1,395.21 	392.39 
2014-05-16	1,405.26 	394.27 
2014-05-19	1,410.63 	390.50 
2014-05-20	1,394.69 	382.96 
2014-05-21	1,402.92 	384.84 
2014-05-22	1,405.21 	386.73 
2014-05-23	1,396.84 	386.73 
2014-05-26	1,388.29 	388.61 
2014-05-27	1,392.73 	384.84 
2014-05-28	1,402.79 	390.50 
2014-05-29	1,408.51 	392.39 
2014-05-30	1,415.73 	394.27 
2014-06-02	1,440.94 	409.37 
2014-06-03	1,454.24 	409.37 
2014-06-04	1,449.40 	407.48 
2014-06-05	1,453.16 	405.59 
2014-06-06	1,458.02 	411.25 
2014-06-09	1,457.30 	415.03 
2014-06-10	1,469.19 	420.69 
2014-06-11	1,463.71 	416.91 
2014-06-12	1,457.02 	415.03 
2014-06-13	1,456.02 	418.80 
2014-06-16	1,471.85 	426.34 
2014-06-17	1,471.02 	428.23 
2014-06-18	1,451.36 	418.80 
2014-06-19	1,461.91 	418.80 
2014-06-20	1,467.29 	418.80 
2014-06-23	1,468.70 	422.57 
2014-06-24	1,460.92 	420.69 
2014-06-25	1,468.49 	422.57 
2014-06-26	1,477.48 	422.57 
2014-06-27	1,483.24 	424.46 
2014-06-30	1,485.75 	426.34 
2014-07-02	1,491.81 	435.78 
2014-07-03	1,493.21 	441.44 
2014-07-04	1,495.83 	441.44 
2014-07-07	1,503.21 	450.87 
2014-07-08	1,507.58 	445.21 
2014-07-09	1,507.92 	435.78 
2014-07-10	1,518.01 	437.66 
2014-07-14	1,529.23 	439.55 
2014-07-15	1,524.53 	441.44 
2014-07-16	1,530.42 	435.78 
2014-07-17	1,535.66 	422.57 
2014-07-18	1,533.41 	422.57 
2014-07-21	1,538.55 	428.23 
2014-07-22	1,520.81 	428.23 
2014-07-23	1,541.56 	437.66 
2014-07-24	1,543.92 	435.78 
2014-07-25	1,543.85 	437.66 
2014-07-28	1,538.13 	433.89 
2014-07-29	1,520.55 	432.00 
2014-07-30	1,518.79 	426.34 
2014-07-31	1,502.39 	409.37 
2014-08-01	1,500.20 	407.48 
2014-08-04	1,519.38 	405.59 
2014-08-05	1,528.98 	415.03 
2014-08-06	1,522.41 	411.25 
2014-08-07	1,522.27 	412.69 
2014-08-08	1,520.31 	408.86 
2014-08-13	1,544.55 	420.33 
2014-08-14	1,541.97 	422.24 
2014-08-15	1,546.62 	422.24 
2014-08-18	1,542.36 	422.24 
2014-08-19	1,542.85 	420.33 
2014-08-20	1,550.77 	422.24 
2014-08-21	1,551.41 	420.33 
2014-08-22	1,556.97 	416.51 
2014-08-25	1,563.13 	418.42 
2014-08-26	1,560.17 	414.60 
2014-08-27	1,564.58 	420.33 
2014-08-28	1,559.05 	418.42 
2014-08-29	1,561.63 	420.33 
2014-09-01	1,565.35 	416.51 
2014-09-02	1,568.60 	418.42 
2014-09-03	1,583.27 	422.24 
2014-09-04	1,579.73 	418.42 
2014-09-05	1,584.32 	427.97 
2014-09-08	1,584.77 	441.34 
2014-09-09	1,583.18 	435.61 
2014-09-10	1,582.13 	441.34 
2014-09-11	1,580.87 	435.61 
2014-09-12	1,581.36 	433.70 
2014-09-15	1,579.12 	431.79 
2014-09-16	1,565.41 	429.88 
2014-09-17	1,570.64 	437.52 
2014-09-18	1,584.23 	435.61 
2014-09-19	1,584.91 	435.61 
2014-09-22	1,589.51 	433.70 
2014-09-23	1,590.13 	431.79 
2014-09-24	1,591.89 	426.06 
2014-09-25	1,591.99 	427.97 
2014-09-26	1,600.16 	429.88 
2014-09-29	1,585.79 	426.06 
2014-09-30	1,585.67 	429.88 
2014-10-01	1,587.35 	431.79 
2014-10-02	1,569.73 	427.97 
2014-10-03	1,570.28 	426.06 
2014-10-06	1,543.13 	424.15 
2014-10-07	1,539.39 	418.42 
2014-10-08	1,543.39 	416.51 
2014-10-09	1,560.61 	418.42 
2014-10-10	1,552.72 	418.42 
2014-10-13	1,542.35 	412.69 
2014-10-14	1,546.78 	414.60 
2014-10-15	1,547.41 	414.60 
2014-10-16	1,526.15 	410.77 
2014-10-17	1,528.71 	412.69 
2014-10-20	1,526.67 	410.77 
2014-10-21	1,526.14 	412.69 
2014-10-22	1,532.72 	412.69 
2014-10-24	1,539.91 	414.60 
2014-10-27	1,547.89 	416.51 
2014-10-28	1,556.53 	412.69 
2014-10-29	1,562.67 	414.60 
2014-10-30	1,565.35 	422.24 
2014-10-31	1,584.16 	429.88 
2014-11-03	1,579.18 	431.79 
2014-11-04	1,585.15 	431.79 
2014-11-05	1,577.40 	426.06 
2014-11-06	1,580.77 	424.15 
2014-11-07	1,578.37 	426.06 
2014-11-10	1,567.34 	422.24 
2014-11-11	1,571.20 	424.15 
2014-11-12	1,562.03 	424.15 
2014-11-13	1,577.21 	426.06 
2014-11-14	1,575.88 	427.97 
2014-11-17	1,569.07 	427.97 
2014-11-18	1,581.27 	431.79 
2014-11-19	1,577.55 	427.97 
2014-11-20	1,568.68 	426.06 
2014-11-21	1,579.20 	427.97 
2014-11-24	1,590.14 	435.61 
2014-11-25	1,596.80 	433.70 
2014-11-26	1,591.00 	439.43 
2014-11-27	1,599.82 	445.17 
2014-11-28	1,593.91 	450.90 
2014-12-01	1,593.82 	447.08 
2014-12-02	1,594.00 	448.99 
2014-12-03	1,594.58 	448.99 
2014-12-04	1,597.76 	450.90 
2014-12-08	1,575.55 	447.08 
2014-12-09	1,559.56 	441.34 
2014-12-11	1,526.81 	439.43 
2014-12-12	1,514.95 	443.25 
2014-12-15	1,478.49 	445.17 
2014-12-16	1,461.74 	435.61 
2014-12-17	1,480.20 	427.97 
2014-12-18	1,516.79 	433.70 
2014-12-19	1,514.35 	437.52 
2014-12-22	1,536.83 	448.99 
2014-12-23	1,531.17 	447.08 
2014-12-24	1,525.06 	447.08 
2014-12-25	1,504.89 	441.34 
2014-12-26	1,510.41 	441.34 
2014-12-29	1,498.22 	439.43 
2014-12-30	1,497.67 	427.97 
2015-01-05	1,483.25 	429.88 
2015-01-06	1,477.58 	422.24 
2015-01-07	1,500.75 	422.24 
2015-01-08	1,521.62 	427.97 
2015-01-09	1,529.42 	433.70 
2015-01-12	1,531.21 	433.70 
2015-01-13	1,534.97 	437.52 
2015-01-14	1,523.24 	433.70 
2015-01-15	1,523.38 	433.70 
2015-01-16	1,517.74 	435.61 
2015-01-19	1,535.37 	439.43 
2015-01-20	1,535.09 	435.61 
2015-01-21	1,537.36 	431.79 
2015-01-22	1,560.34 	443.25 
2015-01-23	1,598.33 	447.08 
2015-01-26	1,588.31 	448.99 
2015-01-27	1,589.81 	450.90 
2015-01-28	1,592.81 	458.54 
2015-01-29	1,586.40 	462.36 
2015-01-30	1,581.25 	473.82 
2015-02-02	1,582.70 	464.27 
2015-02-03	1,602.54 	458.54 
2015-02-04	1,599.81 	468.09 
2015-02-05	1,607.92 	475.73 
2015-02-06	1,613.63 	479.56 
2015-02-09	1,601.77 	471.91 
2015-02-10	1,594.96 	466.18 
2015-02-11	1,605.11 	481.47 
2015-02-12	1,613.40 	481.47 
2015-02-13	1,615.89 	475.73 
2015-02-16	1,608.04 	487.20 
2015-02-17	1,587.75 	479.56 
2015-02-18	1,603.14 	483.38 
2015-02-19	1,599.96 	506.30 
2015-02-20	1,603.45 	506.30 
2015-02-23	1,593.89 	502.48 
2015-02-24	1,598.66 	510.13 
2015-02-25	1,589.33 	506.30 
2015-02-26	1,593.55 	508.21 
2015-02-27	1,587.01 	500.57 
2015-03-02	1,582.14 	508.21 
2015-03-03	1,562.84 	510.13 
2015-03-05	1,553.33 	508.21 
2015-03-06	1,568.29 	506.30 
2015-03-09	1,559.71 	504.39 
2015-03-10	1,531.04 	491.02 
2015-03-11	1,543.84 	504.39 
2015-03-12	1,544.34 	500.57 
2015-03-13	1,541.55 	504.39 
2015-03-16	1,515.57 	489.11 
2015-03-17	1,512.84 	489.11 
2015-03-18	1,531.50 	498.66 
2015-03-19	1,532.13 	496.75 
2015-03-20	1,529.96 	502.48 
2015-03-23	1,520.01 	510.13 
2015-03-24	1,514.45 	506.30 
2015-03-25	1,512.80 	510.13 
2015-03-26	1,496.41 	492.93 
2015-03-27	1,495.22 	498.66 
2015-03-30	1,496.51 	492.93 
2015-03-31	1,505.94 	495.15 
2015-04-01	1,525.58 	493.22 
2015-04-02	1,532.23 	500.96 
2015-04-03	1,536.05 	499.02 
2015-04-07	1,549.53 	506.76 
2015-04-08	1,544.86 	499.02 
2015-04-09	1,545.11 	495.15 
2015-04-10	1,547.83 	504.83 
2015-04-16	1,570.00 	512.56 
2015-04-17	1,566.85 	506.76 
2015-04-20	1,560.32 	506.76 
2015-04-21	1,569.35 	518.36 
2015-04-22	1,552.01 	510.63 
2015-04-23	1,544.84 	516.43 
2015-04-24	1,555.46 	522.23 
2015-04-27	1,548.83 	529.97 
2015-04-28	1,531.53 	529.97 
2015-04-29	1,522.47 	518.36 
2015-04-30	1,526.74 	520.30 
2015-05-06	1,519.88 	524.17 
2015-05-07	1,498.31 	522.23 
2015-05-08	1,510.51 	529.97 
2015-05-11	1,501.30 	520.30 
2015-05-12	1,485.72 	508.69 
2015-05-13	1,495.95 	516.43 
2015-05-14	1,497.40 	504.83 
2015-05-15	1,512.19 	510.63 
2015-05-18	1,510.41 	510.63 
2015-05-19	1,525.96 	518.36 
2015-05-20	1,520.11 	526.10 
2015-05-21	1,526.25 	529.97 
2015-05-22	1,523.86 	526.10 
2015-05-25	1,508.16 	518.36 
2015-05-26	1,497.98 	518.36 
2015-05-27	1,500.84 	518.36 
2015-05-28	1,493.61 	516.43 
2015-05-29	1,496.05 	510.63 
2015-06-02	1,476.87 	500.96 
2015-06-03	1,482.07 	502.89 
2015-06-04	1,490.90 	502.89 
2015-06-05	1,507.37 	514.50 
2015-06-08	1,508.28 	514.50 
2015-06-09	1,492.32 	504.83 
2015-06-10	1,504.04 	504.83 
2015-06-11	1,514.81 	504.83 
2015-06-12	1,508.23 	500.96 
2015-06-15	1,501.89 	497.09 
2015-06-16	1,503.28 	502.89 
2015-06-17	1,514.79 	508.69 
2015-06-18	1,508.04 	508.69 
2015-06-19	1,491.46 	502.89 
2015-06-22	1,504.06 	504.83 
2015-06-23	1,503.23 	502.89 
2015-06-24	1,518.26 	506.76 
2015-06-25	1,519.47 	504.83 
2015-06-26	1,518.03 	504.83 
2015-06-29	1,511.19 	500.96 
2015-06-30	1,504.55 	502.89 
2015-07-02	1,491.62 	504.83 
2015-07-03	1,489.59 	502.89 
2015-07-06	1,473.23 	499.02 
2015-07-07	1,483.77 	499.02 
2015-07-08	1,470.25 	491.29 
2015-07-09	1,472.57 	493.22 
2015-07-10	1,484.90 	495.15 
2015-07-13	1,490.65 	495.15 
2015-07-14	1,488.40 	493.22 
2015-07-15	1,486.74 	493.22 
2015-07-16	1,481.26 	497.09 
2015-07-17	1,479.31 	497.09 
2015-07-20	1,466.71 	495.15 
2015-07-21	1,447.44 	493.22 
2015-07-22	1,447.84 	499.02 
2015-07-23	1,444.66 	502.89 
2015-07-24	1,438.08 	499.02 
2015-07-27	1,412.55 	489.35 
2015-07-28	1,408.07 	493.22 
2015-07-29	1,417.49 	499.02 
2015-07-31	1,440.12 	508.69 
2015-08-03	1,442.04 	504.83 
2015-08-04	1,432.16 	508.69 
2015-08-05	1,436.36 	510.63 
2015-08-06	1,430.58 	512.56 
2015-08-07	1,428.79 	504.83 
2015-08-10	1,420.13 	506.30 
2015-08-11	1,408.32 	510.22 
2015-08-13	1,404.15 	512.18 
2015-08-14	1,413.92 	510.22 
2015-08-17	1,408.74 	510.22 
2015-08-18	1,372.61 	508.26 
2015-08-19	1,379.12 	510.22 
2015-08-20	1,372.53 	506.30 
2015-08-21	1,365.61 	498.45 
2015-08-24	1,301.06 	467.05 
2015-08-25	1,323.88 	474.90 
2015-08-26	1,320.08 	461.16 
2015-08-27	1,358.03 	467.05 
2015-08-28	1,365.94 	476.86 
2015-08-31	1,382.41 	470.97 
2015-09-01	1,362.39 	469.01 
2015-09-02	1,372.45 	486.67 
2015-09-03	1,383.48 	494.52 
2015-09-04	1,370.75 	494.52 
2015-09-07	1,371.40 	490.60 
2015-09-08	1,379.32 	484.71 
2015-09-09	1,396.29 	488.64 
2015-09-10	1,396.16 	490.60 
2015-09-11	1,381.72 	484.71 
2015-09-14	1,377.15 	478.82 
2015-09-15	1,370.65 	480.79 
2015-09-16	1,381.80 	486.67 
2015-09-17	1,389.70 	488.64 
2015-09-18	1,390.32 	480.79 
2015-09-21	1,392.73 	482.75 
2015-09-22	1,379.32 	482.75 
2015-09-23	1,375.17 	463.12 
2015-09-24	1,372.35 	467.05 
2015-09-25	1,376.83 	457.24 
2015-09-28	1,352.13 	447.43 
2015-09-29	1,348.84 	451.35 
2015-09-30	1,349.00 	455.27 
2015-10-01	1,345.15 	449.39 
2015-10-02	1,346.35 	453.31 
2015-10-05	1,363.17 	457.24 
2015-10-06	1,370.69 	463.12 
2015-10-07	1,393.66 	478.82 
2015-10-08	1,392.15 	469.01 
2015-10-09	1,411.33 	472.94 
2015-10-12	1,412.49 	470.97 
2015-10-13	1,406.69 	465.09 
2015-10-14	1,405.08 	461.16 
2015-10-15	1,425.32 	472.94 
2015-10-16	1,418.38 	472.94 
2015-10-19	1,416.91 	467.05 
2015-10-20	1,418.63 	467.05 
2015-10-21	1,415.80 	461.16 
2015-10-22	1,416.14 	467.05 
2015-10-26	1,424.16 	465.09 
2015-10-27	1,424.05 	463.12 
2015-10-28	1,409.26 	459.20 
2015-10-29	1,390.04 	447.43 
2015-10-30	1,394.94 	445.46 
2015-11-02	1,413.34 	455.27 
2015-11-03	1,412.62 	455.27 
2015-11-04	1,423.42 	459.20 
2015-11-05	1,413.16 	457.24 
2015-11-06	1,414.54 	457.24 
2015-11-09	1,402.57 	455.27 
2015-11-10	1,398.38 	447.43 
2015-11-11	1,390.15 	447.43 
2015-11-12	1,384.29 	443.50 
2015-11-13	1,382.46 	453.31 
2015-11-16	1,388.62 	453.31 
2015-11-17	1,390.17 	455.27 
2015-11-18	1,376.82 	447.43 
2015-11-19	1,384.97 	451.35 
2015-11-20	1,393.84 	453.31 
2015-11-23	1,394.22 	453.31 
2015-11-24	1,384.92 	453.31 
2015-11-25	1,381.46 	451.35 
2015-11-26	1,365.81 	445.46 
2015-11-27	1,363.13 	441.54 
2015-11-30	1,359.70 	441.54 
2015-12-01	1,357.01 	441.54 
2015-12-02	1,339.45 	433.69 
2015-12-03	1,340.62 	441.54 
2015-12-04	1,333.57 	437.61 
2015-12-08	1,306.98 	429.76 
2015-12-09	1,297.82 	423.88 
2015-12-11	1,280.92 	417.99 
2015-12-14	1,267.61 	416.03 
2015-12-15	1,300.51 	425.84 
2015-12-16	1,299.12 	439.58 
2015-12-17	1,310.34 	443.50 
2015-12-18	1,284.92 	429.76 
2015-12-21	1,264.44 	435.65 
2015-12-22	1,261.66 	435.65 
2015-12-23	1,274.50 	433.69 
2015-12-24	1,284.15 	443.50 
2015-12-25	1,282.93 	443.50 
2015-12-28	1,285.87 	447.43 
2015-12-29	1,283.78 	447.43 
2015-12-30	1,288.02 	449.39 
2016-01-04	1,263.41 	441.54 
2016-01-05	1,253.34 	431.73 
2016-01-06	1,260.04 	423.88 
2016-01-07	1,224.83 	404.25 
2016-01-08	1,244.18 	414.06 
2016-01-11	1,234.50 	408.18 
2016-01-12	1,255.30 	404.25 
2016-01-13	1,278.61 	406.22 
2016-01-14	1,263.29 	406.22 
2016-01-15	1,245.85 	400.33 
2016-01-18	1,245.05 	394.44 
2016-01-19	1,266.01 	404.25 
2016-01-20	1,248.98 	400.33 
2016-01-21	1,245.61 	394.44 
2016-01-22	1,268.03 	402.29 
2016-01-25	1,267.70 	412.10 
2016-01-26	1,268.07 	414.06 
2016-01-27	1,278.29 	421.91 
2016-01-28	1,288.40 	417.99 
2016-01-29	1,300.98 	423.88 
2016-02-01	1,297.34 	417.99 
2016-02-02	1,285.30 	402.29 
2016-02-03	1,291.77 	410.14 
2016-02-04	1,297.11 	414.06 
2016-02-05	1,306.29 	417.99 
2016-02-08	1,307.57 	417.99 
2016-02-09	1,303.96 	417.99 
2016-02-10	1,304.74 	417.99 
2016-02-11	1,280.74 	416.03 
2016-02-12	1,276.49 	417.99 
2016-02-15	1,288.40 	419.95 
2016-02-16	1,289.36 	416.03 
2016-02-17	1,288.47 	414.06 
2016-02-18	1,294.59 	421.91 
2016-02-19	1,320.19 	443.50 
2016-02-23	1,325.79 	443.50 
2016-02-24	1,331.93 	443.50 
